2025-11-10 16:37:43,776 [Worker-4: Loading available Gradle versions] INFO  o.e.b.c.i.u.g.PublishedGradleVersions - Gradle version information cache is not available. Remote download required.
2025-11-10 17:30:16,647 [Worker-1: Loading available Gradle versions] INFO  o.e.b.c.i.u.g.PublishedGradleVersions - Gradle version information cache is up-to-date. Trying to read.
2025-11-11 09:55:46,984 [Worker-26: Loading available Gradle versions] INFO  o.e.b.c.i.u.g.PublishedGradleVersions - Gradle version information cache is up-to-date. Trying to read.
2025-11-11 12:03:30,464 [Worker-1: Loading available Gradle versions] INFO  o.e.b.c.i.u.g.PublishedGradleVersions - Gradle version information cache is up-to-date. Trying to read.
2025-11-12 19:13:38,919 [Worker-3: Loading available Gradle versions] INFO  o.e.b.c.i.u.g.PublishedGradleVersions - Gradle version information cache is up-to-date. Trying to read.
2025-11-13 15:34:50,945 [Worker-4: Loading available Gradle versions] INFO  o.e.b.c.i.u.g.PublishedGradleVersions - Gradle version information cache is up-to-date. Trying to read.
2025-11-14 15:38:49,621 [Worker-2: Loading available Gradle versions] INFO  o.e.b.c.i.u.g.PublishedGradleVersions - Gradle version information cache is out-of-date. Trying to update.
2025-11-15 12:24:13,583 [Worker-4: Loading available Gradle versions] INFO  o.e.b.c.i.u.g.PublishedGradleVersions - Gradle version information cache is up-to-date. Trying to read.
2025-11-17 19:31:47,016 [Worker-4: Loading available Gradle versions] INFO  o.e.b.c.i.u.g.PublishedGradleVersions - Gradle version information cache is out-of-date. Trying to update.
2025-11-18 12:49:12,834 [Worker-1: Loading available Gradle versions] INFO  o.e.b.c.i.u.g.PublishedGradleVersions - Gradle version information cache is up-to-date. Trying to read.
2025-11-20 15:30:59,640 [Worker-17: Loading available Gradle versions] INFO  o.e.b.c.i.u.g.PublishedGradleVersions - Gradle version information cache is out-of-date. Trying to update.
2025-11-20 18:31:56,407 [Worker-20: Loading available Gradle versions] INFO  o.e.b.c.i.u.g.PublishedGradleVersions - Gradle version information cache is up-to-date. Trying to read.
2025-11-21 10:34:08,967 [Worker-8: Loading available Gradle versions] INFO  o.e.b.c.i.u.g.PublishedGradleVersions - Gradle version information cache is up-to-date. Trying to read.
2025-11-23 12:14:18,712 [Worker-13: Loading available Gradle versions] INFO  o.e.b.c.i.u.g.PublishedGradleVersions - Gradle version information cache is out-of-date. Trying to update.
2025-11-24 16:24:19,567 [Worker-14: Loading available Gradle versions] INFO  o.e.b.c.i.u.g.PublishedGradleVersions - Gradle version information cache is out-of-date. Trying to update.
2025-11-25 12:07:18,677 [Worker-6: Loading available Gradle versions] INFO  o.e.b.c.i.u.g.PublishedGradleVersions - Gradle version information cache is up-to-date. Trying to read.
2025-11-25 12:09:42,504 [Worker-23: Launching mavenrun-a8f02df9-d4d1-47c7-94bb-1fdc5bedf432] INFO  o.eclipse.m2e.core.internal.Bundles - getClasspathEntries(Bundle=org.eclipse.m2e.maven.runtime_3.9.1100.20250811-2018 [639])
2025-11-25 12:09:42,506 [Worker-23: Launching mavenrun-a8f02df9-d4d1-47c7-94bb-1fdc5bedf432] INFO  o.eclipse.m2e.core.internal.Bundles - 	Entry: C:\Users\hel21\.p2\pool\plugins\org.eclipse.m2e.maven.runtime_3.9.1100.20250811-2018
2025-11-25 12:09:42,506 [Worker-23: Launching mavenrun-a8f02df9-d4d1-47c7-94bb-1fdc5bedf432] INFO  o.eclipse.m2e.core.internal.Bundles - 	Entry: C:\Users\hel21\.p2\pool\plugins\org.eclipse.m2e.maven.runtime_3.9.1100.20250811-2018\jars\aopalliance-1.0.jar
2025-11-25 12:09:42,507 [Worker-23: Launching mavenrun-a8f02df9-d4d1-47c7-94bb-1fdc5bedf432] INFO  o.eclipse.m2e.core.internal.Bundles - 	Entry: C:\Users\hel21\.p2\pool\plugins\org.eclipse.m2e.maven.runtime_3.9.1100.20250811-2018\jars\asm-9.8.jar
2025-11-25 12:09:42,507 [Worker-23: Launching mavenrun-a8f02df9-d4d1-47c7-94bb-1fdc5bedf432] INFO  o.eclipse.m2e.core.internal.Bundles - 	Entry: C:\Users\hel21\.p2\pool\plugins\org.eclipse.m2e.maven.runtime_3.9.1100.20250811-2018\jars\error_prone_annotations-2.38.0.jar
2025-11-25 12:09:42,507 [Worker-23: Launching mavenrun-a8f02df9-d4d1-47c7-94bb-1fdc5bedf432] INFO  o.eclipse.m2e.core.internal.Bundles - 	Entry: C:\Users\hel21\.p2\pool\plugins\org.eclipse.m2e.maven.runtime_3.9.1100.20250811-2018\jars\gson-2.13.1.jar
2025-11-25 12:09:42,507 [Worker-23: Launching mavenrun-a8f02df9-d4d1-47c7-94bb-1fdc5bedf432] INFO  o.eclipse.m2e.core.internal.Bundles - 	Entry: C:\Users\hel21\.p2\pool\plugins\org.eclipse.m2e.maven.runtime_3.9.1100.20250811-2018\jars\guice-5.1.0-classes.jar
2025-11-25 12:09:42,507 [Worker-23: Launching mavenrun-a8f02df9-d4d1-47c7-94bb-1fdc5bedf432] INFO  o.eclipse.m2e.core.internal.Bundles - 	Entry: C:\Users\hel21\.p2\pool\plugins\org.eclipse.m2e.maven.runtime_3.9.1100.20250811-2018\jars\httpclient-4.5.14.jar
2025-11-25 12:09:42,507 [Worker-23: Launching mavenrun-a8f02df9-d4d1-47c7-94bb-1fdc5bedf432] INFO  o.eclipse.m2e.core.internal.Bundles - 	Entry: C:\Users\hel21\.p2\pool\plugins\org.eclipse.m2e.maven.runtime_3.9.1100.20250811-2018\jars\httpcore-4.4.16.jar
2025-11-25 12:09:42,507 [Worker-23: Launching mavenrun-a8f02df9-d4d1-47c7-94bb-1fdc5bedf432] INFO  o.eclipse.m2e.core.internal.Bundles - 	Entry: C:\Users\hel21\.p2\pool\plugins\org.eclipse.m2e.maven.runtime_3.9.1100.20250811-2018\jars\jansi-2.4.2.jar
2025-11-25 12:09:42,508 [Worker-23: Launching mavenrun-a8f02df9-d4d1-47c7-94bb-1fdc5bedf432] INFO  o.eclipse.m2e.core.internal.Bundles - 	Entry: C:\Users\hel21\.p2\pool\plugins\org.eclipse.m2e.maven.runtime_3.9.1100.20250811-2018\jars\jcl-over-slf4j-1.7.36.jar
2025-11-25 12:09:42,508 [Worker-23: Launching mavenrun-a8f02df9-d4d1-47c7-94bb-1fdc5bedf432] INFO  o.eclipse.m2e.core.internal.Bundles - 	Entry: C:\Users\hel21\.p2\pool\plugins\org.eclipse.m2e.maven.runtime_3.9.1100.20250811-2018\jars\maven-artifact-3.9.11.jar
2025-11-25 12:09:42,508 [Worker-23: Launching mavenrun-a8f02df9-d4d1-47c7-94bb-1fdc5bedf432] INFO  o.eclipse.m2e.core.internal.Bundles - 	Entry: C:\Users\hel21\.p2\pool\plugins\org.eclipse.m2e.maven.runtime_3.9.1100.20250811-2018\jars\maven-builder-support-3.9.11.jar
2025-11-25 12:09:42,508 [Worker-23: Launching mavenrun-a8f02df9-d4d1-47c7-94bb-1fdc5bedf432] INFO  o.eclipse.m2e.core.internal.Bundles - 	Entry: C:\Users\hel21\.p2\pool\plugins\org.eclipse.m2e.maven.runtime_3.9.1100.20250811-2018\jars\maven-compat-3.9.11.jar
2025-11-25 12:09:42,508 [Worker-23: Launching mavenrun-a8f02df9-d4d1-47c7-94bb-1fdc5bedf432] INFO  o.eclipse.m2e.core.internal.Bundles - 	Entry: C:\Users\hel21\.p2\pool\plugins\org.eclipse.m2e.maven.runtime_3.9.1100.20250811-2018\jars\maven-core-3.9.11.jar
2025-11-25 12:09:42,508 [Worker-23: Launching mavenrun-a8f02df9-d4d1-47c7-94bb-1fdc5bedf432] INFO  o.eclipse.m2e.core.internal.Bundles - 	Entry: C:\Users\hel21\.p2\pool\plugins\org.eclipse.m2e.maven.runtime_3.9.1100.20250811-2018\jars\maven-embedder-3.9.11.jar
2025-11-25 12:09:42,508 [Worker-23: Launching mavenrun-a8f02df9-d4d1-47c7-94bb-1fdc5bedf432] INFO  o.eclipse.m2e.core.internal.Bundles - 	Entry: C:\Users\hel21\.p2\pool\plugins\org.eclipse.m2e.maven.runtime_3.9.1100.20250811-2018\jars\maven-model-3.9.11.jar
2025-11-25 12:09:42,508 [Worker-23: Launching mavenrun-a8f02df9-d4d1-47c7-94bb-1fdc5bedf432] INFO  o.eclipse.m2e.core.internal.Bundles - 	Entry: C:\Users\hel21\.p2\pool\plugins\org.eclipse.m2e.maven.runtime_3.9.1100.20250811-2018\jars\maven-model-builder-3.9.11.jar
2025-11-25 12:09:42,508 [Worker-23: Launching mavenrun-a8f02df9-d4d1-47c7-94bb-1fdc5bedf432] INFO  o.eclipse.m2e.core.internal.Bundles - 	Entry: C:\Users\hel21\.p2\pool\plugins\org.eclipse.m2e.maven.runtime_3.9.1100.20250811-2018\jars\maven-plugin-api-3.9.11.jar
2025-11-25 12:09:42,509 [Worker-23: Launching mavenrun-a8f02df9-d4d1-47c7-94bb-1fdc5bedf432] INFO  o.eclipse.m2e.core.internal.Bundles - 	Entry: C:\Users\hel21\.p2\pool\plugins\org.eclipse.m2e.maven.runtime_3.9.1100.20250811-2018\jars\maven-repository-metadata-3.9.11.jar
2025-11-25 12:09:42,509 [Worker-23: Launching mavenrun-a8f02df9-d4d1-47c7-94bb-1fdc5bedf432] INFO  o.eclipse.m2e.core.internal.Bundles - 	Entry: C:\Users\hel21\.p2\pool\plugins\org.eclipse.m2e.maven.runtime_3.9.1100.20250811-2018\jars\maven-resolver-api-1.9.24.jar
2025-11-25 12:09:42,509 [Worker-23: Launching mavenrun-a8f02df9-d4d1-47c7-94bb-1fdc5bedf432] INFO  o.eclipse.m2e.core.internal.Bundles - 	Entry: C:\Users\hel21\.p2\pool\plugins\org.eclipse.m2e.maven.runtime_3.9.1100.20250811-2018\jars\maven-resolver-connector-basic-1.9.24.jar
2025-11-25 12:09:42,509 [Worker-23: Launching mavenrun-a8f02df9-d4d1-47c7-94bb-1fdc5bedf432] INFO  o.eclipse.m2e.core.internal.Bundles - 	Entry: C:\Users\hel21\.p2\pool\plugins\org.eclipse.m2e.maven.runtime_3.9.1100.20250811-2018\jars\maven-resolver-impl-1.9.24.jar
2025-11-25 12:09:42,509 [Worker-23: Launching mavenrun-a8f02df9-d4d1-47c7-94bb-1fdc5bedf432] INFO  o.eclipse.m2e.core.internal.Bundles - 	Entry: C:\Users\hel21\.p2\pool\plugins\org.eclipse.m2e.maven.runtime_3.9.1100.20250811-2018\jars\maven-resolver-named-locks-1.9.24.jar
2025-11-25 12:09:42,509 [Worker-23: Launching mavenrun-a8f02df9-d4d1-47c7-94bb-1fdc5bedf432] INFO  o.eclipse.m2e.core.internal.Bundles - 	Entry: C:\Users\hel21\.p2\pool\plugins\org.eclipse.m2e.maven.runtime_3.9.1100.20250811-2018\jars\maven-resolver-provider-3.9.11.jar
2025-11-25 12:09:42,509 [Worker-23: Launching mavenrun-a8f02df9-d4d1-47c7-94bb-1fdc5bedf432] INFO  o.eclipse.m2e.core.internal.Bundles - 	Entry: C:\Users\hel21\.p2\pool\plugins\org.eclipse.m2e.maven.runtime_3.9.1100.20250811-2018\jars\maven-resolver-spi-1.9.24.jar
2025-11-25 12:09:42,509 [Worker-23: Launching mavenrun-a8f02df9-d4d1-47c7-94bb-1fdc5bedf432] INFO  o.eclipse.m2e.core.internal.Bundles - 	Entry: C:\Users\hel21\.p2\pool\plugins\org.eclipse.m2e.maven.runtime_3.9.1100.20250811-2018\jars\maven-resolver-transport-file-1.9.24.jar
2025-11-25 12:09:42,510 [Worker-23: Launching mavenrun-a8f02df9-d4d1-47c7-94bb-1fdc5bedf432] INFO  o.eclipse.m2e.core.internal.Bundles - 	Entry: C:\Users\hel21\.p2\pool\plugins\org.eclipse.m2e.maven.runtime_3.9.1100.20250811-2018\jars\maven-resolver-transport-http-1.9.24.jar
2025-11-25 12:09:42,510 [Worker-23: Launching mavenrun-a8f02df9-d4d1-47c7-94bb-1fdc5bedf432] INFO  o.eclipse.m2e.core.internal.Bundles - 	Entry: C:\Users\hel21\.p2\pool\plugins\org.eclipse.m2e.maven.runtime_3.9.1100.20250811-2018\jars\maven-resolver-transport-wagon-1.9.24.jar
2025-11-25 12:09:42,510 [Worker-23: Launching mavenrun-a8f02df9-d4d1-47c7-94bb-1fdc5bedf432] INFO  o.eclipse.m2e.core.internal.Bundles - 	Entry: C:\Users\hel21\.p2\pool\plugins\org.eclipse.m2e.maven.runtime_3.9.1100.20250811-2018\jars\maven-resolver-util-1.9.24.jar
2025-11-25 12:09:42,510 [Worker-23: Launching mavenrun-a8f02df9-d4d1-47c7-94bb-1fdc5bedf432] INFO  o.eclipse.m2e.core.internal.Bundles - 	Entry: C:\Users\hel21\.p2\pool\plugins\org.eclipse.m2e.maven.runtime_3.9.1100.20250811-2018\jars\maven-settings-3.9.11.jar
2025-11-25 12:09:42,510 [Worker-23: Launching mavenrun-a8f02df9-d4d1-47c7-94bb-1fdc5bedf432] INFO  o.eclipse.m2e.core.internal.Bundles - 	Entry: C:\Users\hel21\.p2\pool\plugins\org.eclipse.m2e.maven.runtime_3.9.1100.20250811-2018\jars\maven-settings-builder-3.9.11.jar
2025-11-25 12:09:42,510 [Worker-23: Launching mavenrun-a8f02df9-d4d1-47c7-94bb-1fdc5bedf432] INFO  o.eclipse.m2e.core.internal.Bundles - 	Entry: C:\Users\hel21\.p2\pool\plugins\org.eclipse.m2e.maven.runtime_3.9.1100.20250811-2018\jars\maven-shared-utils-3.4.2.jar
2025-11-25 12:09:42,510 [Worker-23: Launching mavenrun-a8f02df9-d4d1-47c7-94bb-1fdc5bedf432] INFO  o.eclipse.m2e.core.internal.Bundles - 	Entry: C:\Users\hel21\.p2\pool\plugins\org.eclipse.m2e.maven.runtime_3.9.1100.20250811-2018\jars\org.eclipse.sisu.inject-0.9.0.M4.jar
2025-11-25 12:09:42,510 [Worker-23: Launching mavenrun-a8f02df9-d4d1-47c7-94bb-1fdc5bedf432] INFO  o.eclipse.m2e.core.internal.Bundles - 	Entry: C:\Users\hel21\.p2\pool\plugins\org.eclipse.m2e.maven.runtime_3.9.1100.20250811-2018\jars\org.eclipse.sisu.plexus-0.9.0.M4.jar
2025-11-25 12:09:42,510 [Worker-23: Launching mavenrun-a8f02df9-d4d1-47c7-94bb-1fdc5bedf432] INFO  o.eclipse.m2e.core.internal.Bundles - 	Entry: C:\Users\hel21\.p2\pool\plugins\org.eclipse.m2e.maven.runtime_3.9.1100.20250811-2018\jars\plexus-build-api-0.0.7.jar
2025-11-25 12:09:42,511 [Worker-23: Launching mavenrun-a8f02df9-d4d1-47c7-94bb-1fdc5bedf432] INFO  o.eclipse.m2e.core.internal.Bundles - 	Entry: C:\Users\hel21\.p2\pool\plugins\org.eclipse.m2e.maven.runtime_3.9.1100.20250811-2018\jars\plexus-build-api-1.2.0.jar
2025-11-25 12:09:42,511 [Worker-23: Launching mavenrun-a8f02df9-d4d1-47c7-94bb-1fdc5bedf432] INFO  o.eclipse.m2e.core.internal.Bundles - 	Entry: C:\Users\hel21\.p2\pool\plugins\org.eclipse.m2e.maven.runtime_3.9.1100.20250811-2018\jars\plexus-cipher-2.0.jar
2025-11-25 12:09:42,511 [Worker-23: Launching mavenrun-a8f02df9-d4d1-47c7-94bb-1fdc5bedf432] INFO  o.eclipse.m2e.core.internal.Bundles - 	Entry: C:\Users\hel21\.p2\pool\plugins\org.eclipse.m2e.maven.runtime_3.9.1100.20250811-2018\jars\plexus-classworlds-2.9.0.jar
2025-11-25 12:09:42,511 [Worker-23: Launching mavenrun-a8f02df9-d4d1-47c7-94bb-1fdc5bedf432] INFO  o.eclipse.m2e.core.internal.Bundles - 	Entry: C:\Users\hel21\.p2\pool\plugins\org.eclipse.m2e.maven.runtime_3.9.1100.20250811-2018\jars\plexus-component-annotations-2.2.0.jar
2025-11-25 12:09:42,511 [Worker-23: Launching mavenrun-a8f02df9-d4d1-47c7-94bb-1fdc5bedf432] INFO  o.eclipse.m2e.core.internal.Bundles - 	Entry: C:\Users\hel21\.p2\pool\plugins\org.eclipse.m2e.maven.runtime_3.9.1100.20250811-2018\jars\plexus-interpolation-1.28.jar
2025-11-25 12:09:42,511 [Worker-23: Launching mavenrun-a8f02df9-d4d1-47c7-94bb-1fdc5bedf432] INFO  o.eclipse.m2e.core.internal.Bundles - 	Entry: C:\Users\hel21\.p2\pool\plugins\org.eclipse.m2e.maven.runtime_3.9.1100.20250811-2018\jars\plexus-sec-dispatcher-2.0.jar
2025-11-25 12:09:42,511 [Worker-23: Launching mavenrun-a8f02df9-d4d1-47c7-94bb-1fdc5bedf432] INFO  o.eclipse.m2e.core.internal.Bundles - 	Entry: C:\Users\hel21\.p2\pool\plugins\org.eclipse.m2e.maven.runtime_3.9.1100.20250811-2018\jars\plexus-utils-3.6.0.jar
2025-11-25 12:09:42,511 [Worker-23: Launching mavenrun-a8f02df9-d4d1-47c7-94bb-1fdc5bedf432] INFO  o.eclipse.m2e.core.internal.Bundles - 	Entry: C:\Users\hel21\.p2\pool\plugins\org.eclipse.m2e.maven.runtime_3.9.1100.20250811-2018\jars\wagon-file-3.5.3.jar
2025-11-25 12:09:42,511 [Worker-23: Launching mavenrun-a8f02df9-d4d1-47c7-94bb-1fdc5bedf432] INFO  o.eclipse.m2e.core.internal.Bundles - 	Entry: C:\Users\hel21\.p2\pool\plugins\org.eclipse.m2e.maven.runtime_3.9.1100.20250811-2018\jars\wagon-http-3.5.3.jar
2025-11-25 12:09:42,513 [Worker-23: Launching mavenrun-a8f02df9-d4d1-47c7-94bb-1fdc5bedf432] INFO  o.eclipse.m2e.core.internal.Bundles - 	Entry: C:\Users\hel21\.p2\pool\plugins\org.eclipse.m2e.maven.runtime_3.9.1100.20250811-2018\jars\wagon-http-shared-3.5.3.jar
2025-11-25 12:09:42,513 [Worker-23: Launching mavenrun-a8f02df9-d4d1-47c7-94bb-1fdc5bedf432] INFO  o.eclipse.m2e.core.internal.Bundles - 	Entry: C:\Users\hel21\.p2\pool\plugins\org.eclipse.m2e.maven.runtime_3.9.1100.20250811-2018\jars\wagon-provider-api-3.5.3.jar
2025-11-25 12:09:42,515 [Worker-23: Launching mavenrun-a8f02df9-d4d1-47c7-94bb-1fdc5bedf432] INFO  o.eclipse.m2e.core.internal.Bundles - getClasspathEntries(Bundle=com.google.guava_33.4.8.jre [18])
2025-11-25 12:09:42,516 [Worker-23: Launching mavenrun-a8f02df9-d4d1-47c7-94bb-1fdc5bedf432] INFO  o.eclipse.m2e.core.internal.Bundles - 	Entry: C:\Users\hel21\.p2\pool\plugins\com.google.guava_33.4.8.jre.jar
2025-11-25 12:09:42,516 [Worker-23: Launching mavenrun-a8f02df9-d4d1-47c7-94bb-1fdc5bedf432] INFO  o.eclipse.m2e.core.internal.Bundles - getClasspathEntries(Bundle=slf4j.api_2.0.17 [1004])
2025-11-25 12:09:42,516 [Worker-23: Launching mavenrun-a8f02df9-d4d1-47c7-94bb-1fdc5bedf432] INFO  o.eclipse.m2e.core.internal.Bundles - 	Entry: C:\Users\hel21\.p2\pool\plugins\slf4j.api_2.0.17.jar
2025-11-25 12:09:42,516 [Worker-23: Launching mavenrun-a8f02df9-d4d1-47c7-94bb-1fdc5bedf432] INFO  o.eclipse.m2e.core.internal.Bundles - getClasspathEntries(Bundle=jakarta.inject.jakarta.inject-api_1.0.5 [35])
2025-11-25 12:09:42,517 [Worker-23: Launching mavenrun-a8f02df9-d4d1-47c7-94bb-1fdc5bedf432] INFO  o.eclipse.m2e.core.internal.Bundles - 	Entry: C:\Users\hel21\.p2\pool\plugins\jakarta.inject.jakarta.inject-api_1.0.5.jar
2025-11-25 12:09:42,517 [Worker-23: Launching mavenrun-a8f02df9-d4d1-47c7-94bb-1fdc5bedf432] INFO  o.eclipse.m2e.core.internal.Bundles - getClasspathEntries(Bundle=jakarta.annotation-api_1.3.5 [31])
2025-11-25 12:09:42,517 [Worker-23: Launching mavenrun-a8f02df9-d4d1-47c7-94bb-1fdc5bedf432] INFO  o.eclipse.m2e.core.internal.Bundles - 	Entry: C:\Users\hel21\.p2\pool\plugins\jakarta.annotation-api_1.3.5.jar
2025-11-25 12:09:42,517 [Worker-23: Launching mavenrun-a8f02df9-d4d1-47c7-94bb-1fdc5bedf432] INFO  o.eclipse.m2e.core.internal.Bundles - getClasspathEntries(Bundle=org.apache.commons.cli_1.10.0 [75])
2025-11-25 12:09:42,518 [Worker-23: Launching mavenrun-a8f02df9-d4d1-47c7-94bb-1fdc5bedf432] INFO  o.eclipse.m2e.core.internal.Bundles - 	Entry: C:\Users\hel21\.p2\pool\plugins\org.apache.commons.cli_1.10.0.jar
2025-11-25 12:09:42,518 [Worker-23: Launching mavenrun-a8f02df9-d4d1-47c7-94bb-1fdc5bedf432] INFO  o.eclipse.m2e.core.internal.Bundles - getClasspathEntries(Bundle=org.apache.commons.commons-codec_1.19.0 [77])
2025-11-25 12:09:42,518 [Worker-23: Launching mavenrun-a8f02df9-d4d1-47c7-94bb-1fdc5bedf432] INFO  o.eclipse.m2e.core.internal.Bundles - 	Entry: C:\Users\hel21\.p2\pool\plugins\org.apache.commons.commons-codec_1.19.0.jar
2025-11-25 12:09:42,518 [Worker-23: Launching mavenrun-a8f02df9-d4d1-47c7-94bb-1fdc5bedf432] INFO  o.eclipse.m2e.core.internal.Bundles - getClasspathEntries(Bundle=com.google.guava.failureaccess_1.0.3 [19])
2025-11-25 12:09:42,518 [Worker-23: Launching mavenrun-a8f02df9-d4d1-47c7-94bb-1fdc5bedf432] INFO  o.eclipse.m2e.core.internal.Bundles - 	Entry: C:\Users\hel21\.p2\pool\plugins\com.google.guava.failureaccess_1.0.3.jar
2025-11-25 12:09:42,521 [Worker-23: Launching mavenrun-a8f02df9-d4d1-47c7-94bb-1fdc5bedf432] INFO  o.e.m.i.launch.MavenLaunchDelegate - Run build in "C:\Users\hel21\AppData\Local\Temp\m2e-archetypeGenerator9982748934399239453":
2025-11-25 12:09:42,548 [Worker-23: Launching mavenrun-a8f02df9-d4d1-47c7-94bb-1fdc5bedf432] INFO  o.e.m.i.launch.MavenLaunchDelegate -  mvn  -DarchetypeGroupId=org.apache.maven.archetypes -DarchetypeArtifactId=maven-archetype-quickstart -DarchetypeVersion=1.1 -DgroupId=com.krakedev -DartifactId=demo -Dversion=0.0.1 -Dpackage=com.krakedev.demo -DoutputDirectory=C:\Users\hel21\Desktop\programacion\java -Dstyle.color=always -U archetype:generate
2025-11-25 12:12:36,050 [Worker-25: Launching mavenrun-a69166d8-3226-47bf-8020-7606e9a9cfe7] INFO  o.eclipse.m2e.core.internal.Bundles - getClasspathEntries(Bundle=org.eclipse.m2e.maven.runtime_3.9.1100.20250811-2018 [639])
2025-11-25 12:12:36,051 [Worker-25: Launching mavenrun-a69166d8-3226-47bf-8020-7606e9a9cfe7] INFO  o.eclipse.m2e.core.internal.Bundles - 	Entry: C:\Users\hel21\.p2\pool\plugins\org.eclipse.m2e.maven.runtime_3.9.1100.20250811-2018
2025-11-25 12:12:36,052 [Worker-25: Launching mavenrun-a69166d8-3226-47bf-8020-7606e9a9cfe7] INFO  o.eclipse.m2e.core.internal.Bundles - 	Entry: C:\Users\hel21\.p2\pool\plugins\org.eclipse.m2e.maven.runtime_3.9.1100.20250811-2018\jars\aopalliance-1.0.jar
2025-11-25 12:12:36,052 [Worker-25: Launching mavenrun-a69166d8-3226-47bf-8020-7606e9a9cfe7] INFO  o.eclipse.m2e.core.internal.Bundles - 	Entry: C:\Users\hel21\.p2\pool\plugins\org.eclipse.m2e.maven.runtime_3.9.1100.20250811-2018\jars\asm-9.8.jar
2025-11-25 12:12:36,052 [Worker-25: Launching mavenrun-a69166d8-3226-47bf-8020-7606e9a9cfe7] INFO  o.eclipse.m2e.core.internal.Bundles - 	Entry: C:\Users\hel21\.p2\pool\plugins\org.eclipse.m2e.maven.runtime_3.9.1100.20250811-2018\jars\error_prone_annotations-2.38.0.jar
2025-11-25 12:12:36,052 [Worker-25: Launching mavenrun-a69166d8-3226-47bf-8020-7606e9a9cfe7] INFO  o.eclipse.m2e.core.internal.Bundles - 	Entry: C:\Users\hel21\.p2\pool\plugins\org.eclipse.m2e.maven.runtime_3.9.1100.20250811-2018\jars\gson-2.13.1.jar
2025-11-25 12:12:36,052 [Worker-25: Launching mavenrun-a69166d8-3226-47bf-8020-7606e9a9cfe7] INFO  o.eclipse.m2e.core.internal.Bundles - 	Entry: C:\Users\hel21\.p2\pool\plugins\org.eclipse.m2e.maven.runtime_3.9.1100.20250811-2018\jars\guice-5.1.0-classes.jar
2025-11-25 12:12:36,052 [Worker-25: Launching mavenrun-a69166d8-3226-47bf-8020-7606e9a9cfe7] INFO  o.eclipse.m2e.core.internal.Bundles - 	Entry: C:\Users\hel21\.p2\pool\plugins\org.eclipse.m2e.maven.runtime_3.9.1100.20250811-2018\jars\httpclient-4.5.14.jar
2025-11-25 12:12:36,052 [Worker-25: Launching mavenrun-a69166d8-3226-47bf-8020-7606e9a9cfe7] INFO  o.eclipse.m2e.core.internal.Bundles - 	Entry: C:\Users\hel21\.p2\pool\plugins\org.eclipse.m2e.maven.runtime_3.9.1100.20250811-2018\jars\httpcore-4.4.16.jar
2025-11-25 12:12:36,052 [Worker-25: Launching mavenrun-a69166d8-3226-47bf-8020-7606e9a9cfe7] INFO  o.eclipse.m2e.core.internal.Bundles - 	Entry: C:\Users\hel21\.p2\pool\plugins\org.eclipse.m2e.maven.runtime_3.9.1100.20250811-2018\jars\jansi-2.4.2.jar
2025-11-25 12:12:36,052 [Worker-25: Launching mavenrun-a69166d8-3226-47bf-8020-7606e9a9cfe7] INFO  o.eclipse.m2e.core.internal.Bundles - 	Entry: C:\Users\hel21\.p2\pool\plugins\org.eclipse.m2e.maven.runtime_3.9.1100.20250811-2018\jars\jcl-over-slf4j-1.7.36.jar
2025-11-25 12:12:36,052 [Worker-25: Launching mavenrun-a69166d8-3226-47bf-8020-7606e9a9cfe7] INFO  o.eclipse.m2e.core.internal.Bundles - 	Entry: C:\Users\hel21\.p2\pool\plugins\org.eclipse.m2e.maven.runtime_3.9.1100.20250811-2018\jars\maven-artifact-3.9.11.jar
2025-11-25 12:12:36,053 [Worker-25: Launching mavenrun-a69166d8-3226-47bf-8020-7606e9a9cfe7] INFO  o.eclipse.m2e.core.internal.Bundles - 	Entry: C:\Users\hel21\.p2\pool\plugins\org.eclipse.m2e.maven.runtime_3.9.1100.20250811-2018\jars\maven-builder-support-3.9.11.jar
2025-11-25 12:12:36,053 [Worker-25: Launching mavenrun-a69166d8-3226-47bf-8020-7606e9a9cfe7] INFO  o.eclipse.m2e.core.internal.Bundles - 	Entry: C:\Users\hel21\.p2\pool\plugins\org.eclipse.m2e.maven.runtime_3.9.1100.20250811-2018\jars\maven-compat-3.9.11.jar
2025-11-25 12:12:36,053 [Worker-25: Launching mavenrun-a69166d8-3226-47bf-8020-7606e9a9cfe7] INFO  o.eclipse.m2e.core.internal.Bundles - 	Entry: C:\Users\hel21\.p2\pool\plugins\org.eclipse.m2e.maven.runtime_3.9.1100.20250811-2018\jars\maven-core-3.9.11.jar
2025-11-25 12:12:36,053 [Worker-25: Launching mavenrun-a69166d8-3226-47bf-8020-7606e9a9cfe7] INFO  o.eclipse.m2e.core.internal.Bundles - 	Entry: C:\Users\hel21\.p2\pool\plugins\org.eclipse.m2e.maven.runtime_3.9.1100.20250811-2018\jars\maven-embedder-3.9.11.jar
2025-11-25 12:12:36,053 [Worker-25: Launching mavenrun-a69166d8-3226-47bf-8020-7606e9a9cfe7] INFO  o.eclipse.m2e.core.internal.Bundles - 	Entry: C:\Users\hel21\.p2\pool\plugins\org.eclipse.m2e.maven.runtime_3.9.1100.20250811-2018\jars\maven-model-3.9.11.jar
2025-11-25 12:12:36,053 [Worker-25: Launching mavenrun-a69166d8-3226-47bf-8020-7606e9a9cfe7] INFO  o.eclipse.m2e.core.internal.Bundles - 	Entry: C:\Users\hel21\.p2\pool\plugins\org.eclipse.m2e.maven.runtime_3.9.1100.20250811-2018\jars\maven-model-builder-3.9.11.jar
2025-11-25 12:12:36,053 [Worker-25: Launching mavenrun-a69166d8-3226-47bf-8020-7606e9a9cfe7] INFO  o.eclipse.m2e.core.internal.Bundles - 	Entry: C:\Users\hel21\.p2\pool\plugins\org.eclipse.m2e.maven.runtime_3.9.1100.20250811-2018\jars\maven-plugin-api-3.9.11.jar
2025-11-25 12:12:36,053 [Worker-25: Launching mavenrun-a69166d8-3226-47bf-8020-7606e9a9cfe7] INFO  o.eclipse.m2e.core.internal.Bundles - 	Entry: C:\Users\hel21\.p2\pool\plugins\org.eclipse.m2e.maven.runtime_3.9.1100.20250811-2018\jars\maven-repository-metadata-3.9.11.jar
2025-11-25 12:12:36,053 [Worker-25: Launching mavenrun-a69166d8-3226-47bf-8020-7606e9a9cfe7] INFO  o.eclipse.m2e.core.internal.Bundles - 	Entry: C:\Users\hel21\.p2\pool\plugins\org.eclipse.m2e.maven.runtime_3.9.1100.20250811-2018\jars\maven-resolver-api-1.9.24.jar
2025-11-25 12:12:36,054 [Worker-25: Launching mavenrun-a69166d8-3226-47bf-8020-7606e9a9cfe7] INFO  o.eclipse.m2e.core.internal.Bundles - 	Entry: C:\Users\hel21\.p2\pool\plugins\org.eclipse.m2e.maven.runtime_3.9.1100.20250811-2018\jars\maven-resolver-connector-basic-1.9.24.jar
2025-11-25 12:12:36,054 [Worker-25: Launching mavenrun-a69166d8-3226-47bf-8020-7606e9a9cfe7] INFO  o.eclipse.m2e.core.internal.Bundles - 	Entry: C:\Users\hel21\.p2\pool\plugins\org.eclipse.m2e.maven.runtime_3.9.1100.20250811-2018\jars\maven-resolver-impl-1.9.24.jar
2025-11-25 12:12:36,054 [Worker-25: Launching mavenrun-a69166d8-3226-47bf-8020-7606e9a9cfe7] INFO  o.eclipse.m2e.core.internal.Bundles - 	Entry: C:\Users\hel21\.p2\pool\plugins\org.eclipse.m2e.maven.runtime_3.9.1100.20250811-2018\jars\maven-resolver-named-locks-1.9.24.jar
2025-11-25 12:12:36,054 [Worker-25: Launching mavenrun-a69166d8-3226-47bf-8020-7606e9a9cfe7] INFO  o.eclipse.m2e.core.internal.Bundles - 	Entry: C:\Users\hel21\.p2\pool\plugins\org.eclipse.m2e.maven.runtime_3.9.1100.20250811-2018\jars\maven-resolver-provider-3.9.11.jar
2025-11-25 12:12:36,054 [Worker-25: Launching mavenrun-a69166d8-3226-47bf-8020-7606e9a9cfe7] INFO  o.eclipse.m2e.core.internal.Bundles - 	Entry: C:\Users\hel21\.p2\pool\plugins\org.eclipse.m2e.maven.runtime_3.9.1100.20250811-2018\jars\maven-resolver-spi-1.9.24.jar
2025-11-25 12:12:36,054 [Worker-25: Launching mavenrun-a69166d8-3226-47bf-8020-7606e9a9cfe7] INFO  o.eclipse.m2e.core.internal.Bundles - 	Entry: C:\Users\hel21\.p2\pool\plugins\org.eclipse.m2e.maven.runtime_3.9.1100.20250811-2018\jars\maven-resolver-transport-file-1.9.24.jar
2025-11-25 12:12:36,054 [Worker-25: Launching mavenrun-a69166d8-3226-47bf-8020-7606e9a9cfe7] INFO  o.eclipse.m2e.core.internal.Bundles - 	Entry: C:\Users\hel21\.p2\pool\plugins\org.eclipse.m2e.maven.runtime_3.9.1100.20250811-2018\jars\maven-resolver-transport-http-1.9.24.jar
2025-11-25 12:12:36,054 [Worker-25: Launching mavenrun-a69166d8-3226-47bf-8020-7606e9a9cfe7] INFO  o.eclipse.m2e.core.internal.Bundles - 	Entry: C:\Users\hel21\.p2\pool\plugins\org.eclipse.m2e.maven.runtime_3.9.1100.20250811-2018\jars\maven-resolver-transport-wagon-1.9.24.jar
2025-11-25 12:12:36,054 [Worker-25: Launching mavenrun-a69166d8-3226-47bf-8020-7606e9a9cfe7] INFO  o.eclipse.m2e.core.internal.Bundles - 	Entry: C:\Users\hel21\.p2\pool\plugins\org.eclipse.m2e.maven.runtime_3.9.1100.20250811-2018\jars\maven-resolver-util-1.9.24.jar
2025-11-25 12:12:36,054 [Worker-25: Launching mavenrun-a69166d8-3226-47bf-8020-7606e9a9cfe7] INFO  o.eclipse.m2e.core.internal.Bundles - 	Entry: C:\Users\hel21\.p2\pool\plugins\org.eclipse.m2e.maven.runtime_3.9.1100.20250811-2018\jars\maven-settings-3.9.11.jar
2025-11-25 12:12:36,055 [Worker-25: Launching mavenrun-a69166d8-3226-47bf-8020-7606e9a9cfe7] INFO  o.eclipse.m2e.core.internal.Bundles - 	Entry: C:\Users\hel21\.p2\pool\plugins\org.eclipse.m2e.maven.runtime_3.9.1100.20250811-2018\jars\maven-settings-builder-3.9.11.jar
2025-11-25 12:12:36,055 [Worker-25: Launching mavenrun-a69166d8-3226-47bf-8020-7606e9a9cfe7] INFO  o.eclipse.m2e.core.internal.Bundles - 	Entry: C:\Users\hel21\.p2\pool\plugins\org.eclipse.m2e.maven.runtime_3.9.1100.20250811-2018\jars\maven-shared-utils-3.4.2.jar
2025-11-25 12:12:36,055 [Worker-25: Launching mavenrun-a69166d8-3226-47bf-8020-7606e9a9cfe7] INFO  o.eclipse.m2e.core.internal.Bundles - 	Entry: C:\Users\hel21\.p2\pool\plugins\org.eclipse.m2e.maven.runtime_3.9.1100.20250811-2018\jars\org.eclipse.sisu.inject-0.9.0.M4.jar
2025-11-25 12:12:36,055 [Worker-25: Launching mavenrun-a69166d8-3226-47bf-8020-7606e9a9cfe7] INFO  o.eclipse.m2e.core.internal.Bundles - 	Entry: C:\Users\hel21\.p2\pool\plugins\org.eclipse.m2e.maven.runtime_3.9.1100.20250811-2018\jars\org.eclipse.sisu.plexus-0.9.0.M4.jar
2025-11-25 12:12:36,055 [Worker-25: Launching mavenrun-a69166d8-3226-47bf-8020-7606e9a9cfe7] INFO  o.eclipse.m2e.core.internal.Bundles - 	Entry: C:\Users\hel21\.p2\pool\plugins\org.eclipse.m2e.maven.runtime_3.9.1100.20250811-2018\jars\plexus-build-api-0.0.7.jar
2025-11-25 12:12:36,055 [Worker-25: Launching mavenrun-a69166d8-3226-47bf-8020-7606e9a9cfe7] INFO  o.eclipse.m2e.core.internal.Bundles - 	Entry: C:\Users\hel21\.p2\pool\plugins\org.eclipse.m2e.maven.runtime_3.9.1100.20250811-2018\jars\plexus-build-api-1.2.0.jar
2025-11-25 12:12:36,055 [Worker-25: Launching mavenrun-a69166d8-3226-47bf-8020-7606e9a9cfe7] INFO  o.eclipse.m2e.core.internal.Bundles - 	Entry: C:\Users\hel21\.p2\pool\plugins\org.eclipse.m2e.maven.runtime_3.9.1100.20250811-2018\jars\plexus-cipher-2.0.jar
2025-11-25 12:12:36,055 [Worker-25: Launching mavenrun-a69166d8-3226-47bf-8020-7606e9a9cfe7] INFO  o.eclipse.m2e.core.internal.Bundles - 	Entry: C:\Users\hel21\.p2\pool\plugins\org.eclipse.m2e.maven.runtime_3.9.1100.20250811-2018\jars\plexus-classworlds-2.9.0.jar
2025-11-25 12:12:36,055 [Worker-25: Launching mavenrun-a69166d8-3226-47bf-8020-7606e9a9cfe7] INFO  o.eclipse.m2e.core.internal.Bundles - 	Entry: C:\Users\hel21\.p2\pool\plugins\org.eclipse.m2e.maven.runtime_3.9.1100.20250811-2018\jars\plexus-component-annotations-2.2.0.jar
2025-11-25 12:12:36,056 [Worker-25: Launching mavenrun-a69166d8-3226-47bf-8020-7606e9a9cfe7] INFO  o.eclipse.m2e.core.internal.Bundles - 	Entry: C:\Users\hel21\.p2\pool\plugins\org.eclipse.m2e.maven.runtime_3.9.1100.20250811-2018\jars\plexus-interpolation-1.28.jar
2025-11-25 12:12:36,056 [Worker-25: Launching mavenrun-a69166d8-3226-47bf-8020-7606e9a9cfe7] INFO  o.eclipse.m2e.core.internal.Bundles - 	Entry: C:\Users\hel21\.p2\pool\plugins\org.eclipse.m2e.maven.runtime_3.9.1100.20250811-2018\jars\plexus-sec-dispatcher-2.0.jar
2025-11-25 12:12:36,056 [Worker-25: Launching mavenrun-a69166d8-3226-47bf-8020-7606e9a9cfe7] INFO  o.eclipse.m2e.core.internal.Bundles - 	Entry: C:\Users\hel21\.p2\pool\plugins\org.eclipse.m2e.maven.runtime_3.9.1100.20250811-2018\jars\plexus-utils-3.6.0.jar
2025-11-25 12:12:36,056 [Worker-25: Launching mavenrun-a69166d8-3226-47bf-8020-7606e9a9cfe7] INFO  o.eclipse.m2e.core.internal.Bundles - 	Entry: C:\Users\hel21\.p2\pool\plugins\org.eclipse.m2e.maven.runtime_3.9.1100.20250811-2018\jars\wagon-file-3.5.3.jar
2025-11-25 12:12:36,056 [Worker-25: Launching mavenrun-a69166d8-3226-47bf-8020-7606e9a9cfe7] INFO  o.eclipse.m2e.core.internal.Bundles - 	Entry: C:\Users\hel21\.p2\pool\plugins\org.eclipse.m2e.maven.runtime_3.9.1100.20250811-2018\jars\wagon-http-3.5.3.jar
2025-11-25 12:12:36,056 [Worker-25: Launching mavenrun-a69166d8-3226-47bf-8020-7606e9a9cfe7] INFO  o.eclipse.m2e.core.internal.Bundles - 	Entry: C:\Users\hel21\.p2\pool\plugins\org.eclipse.m2e.maven.runtime_3.9.1100.20250811-2018\jars\wagon-http-shared-3.5.3.jar
2025-11-25 12:12:36,056 [Worker-25: Launching mavenrun-a69166d8-3226-47bf-8020-7606e9a9cfe7] INFO  o.eclipse.m2e.core.internal.Bundles - 	Entry: C:\Users\hel21\.p2\pool\plugins\org.eclipse.m2e.maven.runtime_3.9.1100.20250811-2018\jars\wagon-provider-api-3.5.3.jar
2025-11-25 12:12:36,056 [Worker-25: Launching mavenrun-a69166d8-3226-47bf-8020-7606e9a9cfe7] INFO  o.eclipse.m2e.core.internal.Bundles - getClasspathEntries(Bundle=com.google.guava_33.4.8.jre [18])
2025-11-25 12:12:36,057 [Worker-25: Launching mavenrun-a69166d8-3226-47bf-8020-7606e9a9cfe7] INFO  o.eclipse.m2e.core.internal.Bundles - 	Entry: C:\Users\hel21\.p2\pool\plugins\com.google.guava_33.4.8.jre.jar
2025-11-25 12:12:36,057 [Worker-25: Launching mavenrun-a69166d8-3226-47bf-8020-7606e9a9cfe7] INFO  o.eclipse.m2e.core.internal.Bundles - getClasspathEntries(Bundle=slf4j.api_2.0.17 [1004])
2025-11-25 12:12:36,057 [Worker-25: Launching mavenrun-a69166d8-3226-47bf-8020-7606e9a9cfe7] INFO  o.eclipse.m2e.core.internal.Bundles - 	Entry: C:\Users\hel21\.p2\pool\plugins\slf4j.api_2.0.17.jar
2025-11-25 12:12:36,057 [Worker-25: Launching mavenrun-a69166d8-3226-47bf-8020-7606e9a9cfe7] INFO  o.eclipse.m2e.core.internal.Bundles - getClasspathEntries(Bundle=jakarta.inject.jakarta.inject-api_1.0.5 [35])
2025-11-25 12:12:36,058 [Worker-25: Launching mavenrun-a69166d8-3226-47bf-8020-7606e9a9cfe7] INFO  o.eclipse.m2e.core.internal.Bundles - 	Entry: C:\Users\hel21\.p2\pool\plugins\jakarta.inject.jakarta.inject-api_1.0.5.jar
2025-11-25 12:12:36,058 [Worker-25: Launching mavenrun-a69166d8-3226-47bf-8020-7606e9a9cfe7] INFO  o.eclipse.m2e.core.internal.Bundles - getClasspathEntries(Bundle=jakarta.annotation-api_1.3.5 [31])
2025-11-25 12:12:36,059 [Worker-25: Launching mavenrun-a69166d8-3226-47bf-8020-7606e9a9cfe7] INFO  o.eclipse.m2e.core.internal.Bundles - 	Entry: C:\Users\hel21\.p2\pool\plugins\jakarta.annotation-api_1.3.5.jar
2025-11-25 12:12:36,059 [Worker-25: Launching mavenrun-a69166d8-3226-47bf-8020-7606e9a9cfe7] INFO  o.eclipse.m2e.core.internal.Bundles - getClasspathEntries(Bundle=org.apache.commons.cli_1.10.0 [75])
2025-11-25 12:12:36,059 [Worker-25: Launching mavenrun-a69166d8-3226-47bf-8020-7606e9a9cfe7] INFO  o.eclipse.m2e.core.internal.Bundles - 	Entry: C:\Users\hel21\.p2\pool\plugins\org.apache.commons.cli_1.10.0.jar
2025-11-25 12:12:36,059 [Worker-25: Launching mavenrun-a69166d8-3226-47bf-8020-7606e9a9cfe7] INFO  o.eclipse.m2e.core.internal.Bundles - getClasspathEntries(Bundle=org.apache.commons.commons-codec_1.19.0 [77])
2025-11-25 12:12:36,060 [Worker-25: Launching mavenrun-a69166d8-3226-47bf-8020-7606e9a9cfe7] INFO  o.eclipse.m2e.core.internal.Bundles - 	Entry: C:\Users\hel21\.p2\pool\plugins\org.apache.commons.commons-codec_1.19.0.jar
2025-11-25 12:12:36,060 [Worker-25: Launching mavenrun-a69166d8-3226-47bf-8020-7606e9a9cfe7] INFO  o.eclipse.m2e.core.internal.Bundles - getClasspathEntries(Bundle=com.google.guava.failureaccess_1.0.3 [19])
2025-11-25 12:12:36,060 [Worker-25: Launching mavenrun-a69166d8-3226-47bf-8020-7606e9a9cfe7] INFO  o.eclipse.m2e.core.internal.Bundles - 	Entry: C:\Users\hel21\.p2\pool\plugins\com.google.guava.failureaccess_1.0.3.jar
2025-11-25 12:12:36,062 [Worker-25: Launching mavenrun-a69166d8-3226-47bf-8020-7606e9a9cfe7] INFO  o.e.m.i.launch.MavenLaunchDelegate - Run build in "C:\Users\hel21\AppData\Local\Temp\m2e-archetypeGenerator11517869490662930774":
2025-11-25 12:12:36,063 [Worker-25: Launching mavenrun-a69166d8-3226-47bf-8020-7606e9a9cfe7] INFO  o.e.m.i.launch.MavenLaunchDelegate -  mvn  -DarchetypeGroupId=org.apache.maven.archetypes -DarchetypeArtifactId=maven-archetype-quickstart -DarchetypeVersion=1.1 -DgroupId=com.krakedev -DartifactId=ejemploMaven -Dversion=1.0.0 -Dpackage=com.krakedev.ejemploMaven -DoutputDirectory=C:\Users\hel21\Desktop\programacion\java -Dstyle.color=always -U archetype:generate
2025-11-25 12:12:45,496 [Worker-6: Creating maven-archetype-quickstart] INFO  o.e.m.c.i.p.ProjectConfigurationManager - Collecting project info '/pom.xml' C:\Users\hel21\Desktop\programacion\java\ejemploMaven\pom.xml
2025-11-25 12:12:46,909 [Worker-6: Creating maven-archetype-quickstart] INFO  o.e.m.c.i.e.AbstractTransferListenerAdapter - Downloading https://repo.maven.apache.org/maven2/org/apache/maven/plugins/maven-resources-plugin/3.3.1/maven-resources-plugin-3.3.1.jar
2025-11-25 12:12:47,217 [Worker-6: Creating maven-archetype-quickstart] INFO  o.e.m.c.i.e.AbstractTransferListenerAdapter - Downloaded https://repo.maven.apache.org/maven2/org/apache/maven/plugins/maven-resources-plugin/3.3.1/maven-resources-plugin-3.3.1.jar
2025-11-25 12:12:47,400 [Worker-6: Creating maven-archetype-quickstart] INFO  o.e.m.c.i.e.AbstractTransferListenerAdapter - Downloading https://repo.maven.apache.org/maven2/org/apache/maven/plugins/maven-compiler-plugin/3.13.0/maven-compiler-plugin-3.13.0.jar
2025-11-25 12:12:47,458 [Worker-6: Creating maven-archetype-quickstart] INFO  o.e.m.c.i.e.AbstractTransferListenerAdapter - Downloaded https://repo.maven.apache.org/maven2/org/apache/maven/plugins/maven-compiler-plugin/3.13.0/maven-compiler-plugin-3.13.0.jar
2025-11-25 12:12:47,515 [Worker-6: Creating maven-archetype-quickstart] INFO  o.e.m.c.i.e.AbstractTransferListenerAdapter - Downloading https://repo.maven.apache.org/maven2/org/apache/maven/plugins/maven-surefire-plugin/3.2.5/maven-surefire-plugin-3.2.5.jar
2025-11-25 12:12:47,751 [Worker-6: Creating maven-archetype-quickstart] INFO  o.e.m.c.i.e.AbstractTransferListenerAdapter - Downloaded https://repo.maven.apache.org/maven2/org/apache/maven/plugins/maven-surefire-plugin/3.2.5/maven-surefire-plugin-3.2.5.jar
2025-11-25 12:12:47,911 [Worker-6: Creating maven-archetype-quickstart] INFO  o.e.m.c.i.e.AbstractTransferListenerAdapter - Downloading https://repo.maven.apache.org/maven2/org/apache/maven/plugins/maven-jar-plugin/3.4.1/maven-jar-plugin-3.4.1.jar
2025-11-25 12:12:48,209 [Worker-6: Creating maven-archetype-quickstart] INFO  o.e.m.c.i.e.AbstractTransferListenerAdapter - Downloaded https://repo.maven.apache.org/maven2/org/apache/maven/plugins/maven-jar-plugin/3.4.1/maven-jar-plugin-3.4.1.jar
2025-11-25 12:12:48,707 [Worker-6: Creating maven-archetype-quickstart] INFO  o.e.m.c.i.e.AbstractTransferListenerAdapter - Downloading https://repo.maven.apache.org/maven2/org/apache/maven/plugins/maven-compiler-plugin/3.13.0/maven-compiler-plugin-3.13.0.pom
2025-11-25 12:12:48,743 [Worker-6: Creating maven-archetype-quickstart] INFO  o.e.m.c.i.e.AbstractTransferListenerAdapter - Downloaded https://repo.maven.apache.org/maven2/org/apache/maven/plugins/maven-compiler-plugin/3.13.0/maven-compiler-plugin-3.13.0.pom
2025-11-25 12:12:49,057 [Worker-6: Creating maven-archetype-quickstart] INFO  o.e.m.c.i.e.AbstractTransferListenerAdapter - Downloading https://repo.maven.apache.org/maven2/commons-io/commons-io/2.11.0/commons-io-2.11.0.pom
2025-11-25 12:12:49,090 [Worker-6: Creating maven-archetype-quickstart] INFO  o.e.m.c.i.e.AbstractTransferListenerAdapter - Downloaded https://repo.maven.apache.org/maven2/commons-io/commons-io/2.11.0/commons-io-2.11.0.pom
2025-11-25 12:12:49,143 [Worker-6: Creating maven-archetype-quickstart] INFO  o.e.m.c.i.e.AbstractTransferListenerAdapter - Downloading https://repo.maven.apache.org/maven2/org/apache/commons/commons-parent/52/commons-parent-52.pom
2025-11-25 12:12:49,174 [Worker-6: Creating maven-archetype-quickstart] INFO  o.e.m.c.i.e.AbstractTransferListenerAdapter - Downloaded https://repo.maven.apache.org/maven2/org/apache/commons/commons-parent/52/commons-parent-52.pom
2025-11-25 12:12:49,253 [Worker-6: Creating maven-archetype-quickstart] INFO  o.e.m.c.i.e.AbstractTransferListenerAdapter - Downloading https://repo.maven.apache.org/maven2/org/junit/junit-bom/5.7.2/junit-bom-5.7.2.pom
2025-11-25 12:12:49,281 [Worker-6: Creating maven-archetype-quickstart] INFO  o.e.m.c.i.e.AbstractTransferListenerAdapter - Downloaded https://repo.maven.apache.org/maven2/org/junit/junit-bom/5.7.2/junit-bom-5.7.2.pom
2025-11-25 12:12:49,317 [Worker-6: Creating maven-archetype-quickstart] INFO  o.e.m.c.i.e.AbstractTransferListenerAdapter - Downloading https://repo.maven.apache.org/maven2/org/apache/maven/shared/maven-shared-incremental/1.1/maven-shared-incremental-1.1.pom
2025-11-25 12:12:49,346 [Worker-6: Creating maven-archetype-quickstart] INFO  o.e.m.c.i.e.AbstractTransferListenerAdapter - Downloaded https://repo.maven.apache.org/maven2/org/apache/maven/shared/maven-shared-incremental/1.1/maven-shared-incremental-1.1.pom
2025-11-25 12:12:49,381 [Worker-6: Creating maven-archetype-quickstart] INFO  o.e.m.c.i.e.AbstractTransferListenerAdapter - Downloading https://repo.maven.apache.org/maven2/org/apache/maven/shared/maven-shared-components/19/maven-shared-components-19.pom
2025-11-25 12:12:49,409 [Worker-6: Creating maven-archetype-quickstart] INFO  o.e.m.c.i.e.AbstractTransferListenerAdapter - Downloaded https://repo.maven.apache.org/maven2/org/apache/maven/shared/maven-shared-components/19/maven-shared-components-19.pom
2025-11-25 12:12:49,446 [Worker-6: Creating maven-archetype-quickstart] INFO  o.e.m.c.i.e.AbstractTransferListenerAdapter - Downloading https://repo.maven.apache.org/maven2/org/apache/maven/maven-parent/23/maven-parent-23.pom
2025-11-25 12:12:49,477 [Worker-6: Creating maven-archetype-quickstart] INFO  o.e.m.c.i.e.AbstractTransferListenerAdapter - Downloaded https://repo.maven.apache.org/maven2/org/apache/maven/maven-parent/23/maven-parent-23.pom
2025-11-25 12:12:49,522 [Worker-6: Creating maven-archetype-quickstart] INFO  o.e.m.c.i.e.AbstractTransferListenerAdapter - Downloading https://repo.maven.apache.org/maven2/org/apache/apache/13/apache-13.pom
2025-11-25 12:12:49,555 [Worker-6: Creating maven-archetype-quickstart] INFO  o.e.m.c.i.e.AbstractTransferListenerAdapter - Downloaded https://repo.maven.apache.org/maven2/org/apache/apache/13/apache-13.pom
2025-11-25 12:12:49,610 [Worker-6: Creating maven-archetype-quickstart] INFO  o.e.m.c.i.e.AbstractTransferListenerAdapter - Downloading https://repo.maven.apache.org/maven2/org/codehaus/plexus/plexus-java/1.2.0/plexus-java-1.2.0.pom
2025-11-25 12:12:49,640 [Worker-6: Creating maven-archetype-quickstart] INFO  o.e.m.c.i.e.AbstractTransferListenerAdapter - Downloaded https://repo.maven.apache.org/maven2/org/codehaus/plexus/plexus-java/1.2.0/plexus-java-1.2.0.pom
2025-11-25 12:12:49,677 [Worker-6: Creating maven-archetype-quickstart] INFO  o.e.m.c.i.e.AbstractTransferListenerAdapter - Downloading https://repo.maven.apache.org/maven2/org/codehaus/plexus/plexus-languages/1.2.0/plexus-languages-1.2.0.pom
2025-11-25 12:12:49,705 [Worker-6: Creating maven-archetype-quickstart] INFO  o.e.m.c.i.e.AbstractTransferListenerAdapter - Downloaded https://repo.maven.apache.org/maven2/org/codehaus/plexus/plexus-languages/1.2.0/plexus-languages-1.2.0.pom
2025-11-25 12:12:49,740 [Worker-6: Creating maven-archetype-quickstart] INFO  o.e.m.c.i.e.AbstractTransferListenerAdapter - Downloading https://repo.maven.apache.org/maven2/org/codehaus/plexus/plexus/15/plexus-15.pom
2025-11-25 12:12:49,770 [Worker-6: Creating maven-archetype-quickstart] INFO  o.e.m.c.i.e.AbstractTransferListenerAdapter - Downloaded https://repo.maven.apache.org/maven2/org/codehaus/plexus/plexus/15/plexus-15.pom
2025-11-25 12:12:49,822 [Worker-6: Creating maven-archetype-quickstart] INFO  o.e.m.c.i.e.AbstractTransferListenerAdapter - Downloading https://repo.maven.apache.org/maven2/org/junit/junit-bom/5.10.0/junit-bom-5.10.0.pom
2025-11-25 12:12:49,872 [Worker-6: Creating maven-archetype-quickstart] INFO  o.e.m.c.i.e.AbstractTransferListenerAdapter - Downloaded https://repo.maven.apache.org/maven2/org/junit/junit-bom/5.10.0/junit-bom-5.10.0.pom
2025-11-25 12:12:49,915 [Worker-6: Creating maven-archetype-quickstart] INFO  o.e.m.c.i.e.AbstractTransferListenerAdapter - Downloading https://repo.maven.apache.org/maven2/org/ow2/asm/asm/9.6/asm-9.6.pom
2025-11-25 12:12:49,945 [Worker-6: Creating maven-archetype-quickstart] INFO  o.e.m.c.i.e.AbstractTransferListenerAdapter - Downloaded https://repo.maven.apache.org/maven2/org/ow2/asm/asm/9.6/asm-9.6.pom
2025-11-25 12:12:49,981 [Worker-6: Creating maven-archetype-quickstart] INFO  o.e.m.c.i.e.AbstractTransferListenerAdapter - Downloading https://repo.maven.apache.org/maven2/org/ow2/ow2/1.5.1/ow2-1.5.1.pom
2025-11-25 12:12:50,011 [Worker-6: Creating maven-archetype-quickstart] INFO  o.e.m.c.i.e.AbstractTransferListenerAdapter - Downloaded https://repo.maven.apache.org/maven2/org/ow2/ow2/1.5.1/ow2-1.5.1.pom
2025-11-25 12:12:50,057 [Worker-6: Creating maven-archetype-quickstart] INFO  o.e.m.c.i.e.AbstractTransferListenerAdapter - Downloading https://repo.maven.apache.org/maven2/com/thoughtworks/qdox/qdox/2.0.3/qdox-2.0.3.pom
2025-11-25 12:12:50,088 [Worker-6: Creating maven-archetype-quickstart] INFO  o.e.m.c.i.e.AbstractTransferListenerAdapter - Downloaded https://repo.maven.apache.org/maven2/com/thoughtworks/qdox/qdox/2.0.3/qdox-2.0.3.pom
2025-11-25 12:12:50,138 [Worker-6: Creating maven-archetype-quickstart] INFO  o.e.m.c.i.e.AbstractTransferListenerAdapter - Downloading https://repo.maven.apache.org/maven2/org/sonatype/oss/oss-parent/9/oss-parent-9.pom
2025-11-25 12:12:50,166 [Worker-6: Creating maven-archetype-quickstart] INFO  o.e.m.c.i.e.AbstractTransferListenerAdapter - Downloaded https://repo.maven.apache.org/maven2/org/sonatype/oss/oss-parent/9/oss-parent-9.pom
2025-11-25 12:12:50,201 [Worker-6: Creating maven-archetype-quickstart] INFO  o.e.m.c.i.e.AbstractTransferListenerAdapter - Downloading https://repo.maven.apache.org/maven2/org/codehaus/plexus/plexus-compiler-api/2.15.0/plexus-compiler-api-2.15.0.pom
2025-11-25 12:12:50,228 [Worker-6: Creating maven-archetype-quickstart] INFO  o.e.m.c.i.e.AbstractTransferListenerAdapter - Downloaded https://repo.maven.apache.org/maven2/org/codehaus/plexus/plexus-compiler-api/2.15.0/plexus-compiler-api-2.15.0.pom
2025-11-25 12:12:50,261 [Worker-6: Creating maven-archetype-quickstart] INFO  o.e.m.c.i.e.AbstractTransferListenerAdapter - Downloading https://repo.maven.apache.org/maven2/org/codehaus/plexus/plexus-compiler/2.15.0/plexus-compiler-2.15.0.pom
2025-11-25 12:12:50,288 [Worker-6: Creating maven-archetype-quickstart] INFO  o.e.m.c.i.e.AbstractTransferListenerAdapter - Downloaded https://repo.maven.apache.org/maven2/org/codehaus/plexus/plexus-compiler/2.15.0/plexus-compiler-2.15.0.pom
2025-11-25 12:12:50,322 [Worker-6: Creating maven-archetype-quickstart] INFO  o.e.m.c.i.e.AbstractTransferListenerAdapter - Downloading https://repo.maven.apache.org/maven2/org/codehaus/plexus/plexus/17/plexus-17.pom
2025-11-25 12:12:50,351 [Worker-6: Creating maven-archetype-quickstart] INFO  o.e.m.c.i.e.AbstractTransferListenerAdapter - Downloaded https://repo.maven.apache.org/maven2/org/codehaus/plexus/plexus/17/plexus-17.pom
2025-11-25 12:12:50,431 [Worker-6: Creating maven-archetype-quickstart] INFO  o.e.m.c.i.e.AbstractTransferListenerAdapter - Downloading https://repo.maven.apache.org/maven2/org/codehaus/plexus/plexus-utils/4.0.0/plexus-utils-4.0.0.pom
2025-11-25 12:12:50,460 [Worker-6: Creating maven-archetype-quickstart] INFO  o.e.m.c.i.e.AbstractTransferListenerAdapter - Downloaded https://repo.maven.apache.org/maven2/org/codehaus/plexus/plexus-utils/4.0.0/plexus-utils-4.0.0.pom
2025-11-25 12:12:50,507 [Worker-6: Creating maven-archetype-quickstart] INFO  o.e.m.c.i.e.AbstractTransferListenerAdapter - Downloading https://repo.maven.apache.org/maven2/org/codehaus/plexus/plexus/13/plexus-13.pom
2025-11-25 12:12:50,537 [Worker-6: Creating maven-archetype-quickstart] INFO  o.e.m.c.i.e.AbstractTransferListenerAdapter - Downloaded https://repo.maven.apache.org/maven2/org/codehaus/plexus/plexus/13/plexus-13.pom
2025-11-25 12:12:50,583 [Worker-6: Creating maven-archetype-quickstart] INFO  o.e.m.c.i.e.AbstractTransferListenerAdapter - Downloading https://repo.maven.apache.org/maven2/org/junit/junit-bom/5.9.3/junit-bom-5.9.3.pom
2025-11-25 12:12:50,611 [Worker-6: Creating maven-archetype-quickstart] INFO  o.e.m.c.i.e.AbstractTransferListenerAdapter - Downloaded https://repo.maven.apache.org/maven2/org/junit/junit-bom/5.9.3/junit-bom-5.9.3.pom
2025-11-25 12:12:50,652 [Worker-6: Creating maven-archetype-quickstart] INFO  o.e.m.c.i.e.AbstractTransferListenerAdapter - Downloading https://repo.maven.apache.org/maven2/org/codehaus/plexus/plexus-compiler-manager/2.15.0/plexus-compiler-manager-2.15.0.pom
2025-11-25 12:12:50,681 [Worker-6: Creating maven-archetype-quickstart] INFO  o.e.m.c.i.e.AbstractTransferListenerAdapter - Downloaded https://repo.maven.apache.org/maven2/org/codehaus/plexus/plexus-compiler-manager/2.15.0/plexus-compiler-manager-2.15.0.pom
2025-11-25 12:12:50,737 [Worker-6: Creating maven-archetype-quickstart] INFO  o.e.m.c.i.e.AbstractTransferListenerAdapter - Downloading https://repo.maven.apache.org/maven2/org/codehaus/plexus/plexus-xml/3.0.0/plexus-xml-3.0.0.pom
2025-11-25 12:12:50,767 [Worker-6: Creating maven-archetype-quickstart] INFO  o.e.m.c.i.e.AbstractTransferListenerAdapter - Downloaded https://repo.maven.apache.org/maven2/org/codehaus/plexus/plexus-xml/3.0.0/plexus-xml-3.0.0.pom
2025-11-25 12:12:50,809 [Worker-6: Creating maven-archetype-quickstart] INFO  o.e.m.c.i.e.AbstractTransferListenerAdapter - Downloading https://repo.maven.apache.org/maven2/org/codehaus/plexus/plexus-compiler-javac/2.15.0/plexus-compiler-javac-2.15.0.pom
2025-11-25 12:12:50,836 [Worker-6: Creating maven-archetype-quickstart] INFO  o.e.m.c.i.e.AbstractTransferListenerAdapter - Downloaded https://repo.maven.apache.org/maven2/org/codehaus/plexus/plexus-compiler-javac/2.15.0/plexus-compiler-javac-2.15.0.pom
2025-11-25 12:12:50,868 [Worker-6: Creating maven-archetype-quickstart] INFO  o.e.m.c.i.e.AbstractTransferListenerAdapter - Downloading https://repo.maven.apache.org/maven2/org/codehaus/plexus/plexus-compilers/2.15.0/plexus-compilers-2.15.0.pom
2025-11-25 12:12:50,894 [Worker-6: Creating maven-archetype-quickstart] INFO  o.e.m.c.i.e.AbstractTransferListenerAdapter - Downloaded https://repo.maven.apache.org/maven2/org/codehaus/plexus/plexus-compilers/2.15.0/plexus-compilers-2.15.0.pom
2025-11-25 12:12:50,949 [Worker-6: Creating maven-archetype-quickstart] INFO  o.e.m.c.i.e.AbstractTransferListenerAdapter - Downloading https://repo.maven.apache.org/maven2/commons-io/commons-io/2.11.0/commons-io-2.11.0.jar
2025-11-25 12:12:51,063 [Worker-6: Creating maven-archetype-quickstart] INFO  o.e.m.c.i.e.AbstractTransferListenerAdapter - Downloaded https://repo.maven.apache.org/maven2/commons-io/commons-io/2.11.0/commons-io-2.11.0.jar
2025-11-25 12:12:51,098 [BasicRepositoryConnector-repo.maven.apache.org-0-2] INFO  o.e.m.c.i.e.AbstractTransferListenerAdapter - Downloading https://repo.maven.apache.org/maven2/org/ow2/asm/asm/9.6/asm-9.6.jar
2025-11-25 12:12:51,139 [BasicRepositoryConnector-repo.maven.apache.org-0-3] INFO  o.e.m.c.i.e.AbstractTransferListenerAdapter - Downloading https://repo.maven.apache.org/maven2/com/thoughtworks/qdox/qdox/2.0.3/qdox-2.0.3.jar
2025-11-25 12:12:51,161 [BasicRepositoryConnector-repo.maven.apache.org-0-2] INFO  o.e.m.c.i.e.AbstractTransferListenerAdapter - Downloaded https://repo.maven.apache.org/maven2/org/ow2/asm/asm/9.6/asm-9.6.jar
2025-11-25 12:12:51,171 [BasicRepositoryConnector-repo.maven.apache.org-0-1] INFO  o.e.m.c.i.e.AbstractTransferListenerAdapter - Downloading https://repo.maven.apache.org/maven2/org/codehaus/plexus/plexus-java/1.2.0/plexus-java-1.2.0.jar
2025-11-25 12:12:51,171 [BasicRepositoryConnector-repo.maven.apache.org-0-0] INFO  o.e.m.c.i.e.AbstractTransferListenerAdapter - Downloading https://repo.maven.apache.org/maven2/org/apache/maven/shared/maven-shared-incremental/1.1/maven-shared-incremental-1.1.jar
2025-11-25 12:12:51,190 [BasicRepositoryConnector-repo.maven.apache.org-0-2] INFO  o.e.m.c.i.e.AbstractTransferListenerAdapter - Downloading https://repo.maven.apache.org/maven2/org/codehaus/plexus/plexus-compiler-manager/2.15.0/plexus-compiler-manager-2.15.0.jar
2025-11-25 12:12:51,199 [BasicRepositoryConnector-repo.maven.apache.org-0-4] INFO  o.e.m.c.i.e.AbstractTransferListenerAdapter - Downloading https://repo.maven.apache.org/maven2/org/codehaus/plexus/plexus-compiler-api/2.15.0/plexus-compiler-api-2.15.0.jar
2025-11-25 12:12:51,227 [BasicRepositoryConnector-repo.maven.apache.org-0-1] INFO  o.e.m.c.i.e.AbstractTransferListenerAdapter - Downloaded https://repo.maven.apache.org/maven2/org/codehaus/plexus/plexus-java/1.2.0/plexus-java-1.2.0.jar
2025-11-25 12:12:51,279 [BasicRepositoryConnector-repo.maven.apache.org-0-2] INFO  o.e.m.c.i.e.AbstractTransferListenerAdapter - Downloaded https://repo.maven.apache.org/maven2/org/codehaus/plexus/plexus-compiler-manager/2.15.0/plexus-compiler-manager-2.15.0.jar
2025-11-25 12:12:51,353 [BasicRepositoryConnector-repo.maven.apache.org-0-2] INFO  o.e.m.c.i.e.AbstractTransferListenerAdapter - Downloading https://repo.maven.apache.org/maven2/org/codehaus/plexus/plexus-compiler-javac/2.15.0/plexus-compiler-javac-2.15.0.jar
2025-11-25 12:12:51,358 [BasicRepositoryConnector-repo.maven.apache.org-0-0] INFO  o.e.m.c.i.e.AbstractTransferListenerAdapter - Downloaded https://repo.maven.apache.org/maven2/org/apache/maven/shared/maven-shared-incremental/1.1/maven-shared-incremental-1.1.jar
2025-11-25 12:12:51,415 [BasicRepositoryConnector-repo.maven.apache.org-0-0] INFO  o.e.m.c.i.e.AbstractTransferListenerAdapter - Downloading https://repo.maven.apache.org/maven2/org/codehaus/plexus/plexus-utils/4.0.0/plexus-utils-4.0.0.jar
2025-11-25 12:12:51,440 [BasicRepositoryConnector-repo.maven.apache.org-0-3] INFO  o.e.m.c.i.e.AbstractTransferListenerAdapter - Downloaded https://repo.maven.apache.org/maven2/com/thoughtworks/qdox/qdox/2.0.3/qdox-2.0.3.jar
2025-11-25 12:12:51,523 [BasicRepositoryConnector-repo.maven.apache.org-0-0] INFO  o.e.m.c.i.e.AbstractTransferListenerAdapter - Downloaded https://repo.maven.apache.org/maven2/org/codehaus/plexus/plexus-utils/4.0.0/plexus-utils-4.0.0.jar
2025-11-25 12:12:51,580 [BasicRepositoryConnector-repo.maven.apache.org-0-2] INFO  o.e.m.c.i.e.AbstractTransferListenerAdapter - Downloaded https://repo.maven.apache.org/maven2/org/codehaus/plexus/plexus-compiler-javac/2.15.0/plexus-compiler-javac-2.15.0.jar
2025-11-25 12:12:51,582 [BasicRepositoryConnector-repo.maven.apache.org-0-1] INFO  o.e.m.c.i.e.AbstractTransferListenerAdapter - Downloading https://repo.maven.apache.org/maven2/org/codehaus/plexus/plexus-xml/3.0.0/plexus-xml-3.0.0.jar
2025-11-25 12:12:51,621 [BasicRepositoryConnector-repo.maven.apache.org-0-4] INFO  o.e.m.c.i.e.AbstractTransferListenerAdapter - Downloaded https://repo.maven.apache.org/maven2/org/codehaus/plexus/plexus-compiler-api/2.15.0/plexus-compiler-api-2.15.0.jar
2025-11-25 12:12:51,645 [BasicRepositoryConnector-repo.maven.apache.org-0-1] INFO  o.e.m.c.i.e.AbstractTransferListenerAdapter - Downloaded https://repo.maven.apache.org/maven2/org/codehaus/plexus/plexus-xml/3.0.0/plexus-xml-3.0.0.jar
2025-11-25 12:12:51,938 [Worker-6: Creating maven-archetype-quickstart] INFO  o.e.m.c.i.l.LifecycleMappingFactory - Using org.eclipse.m2e.jdt.JarLifecycleMapping lifecycle mapping for MavenProject: com.krakedev:ejemploMaven:1.0.0 @ C:\Users\hel21\Desktop\programacion\java\ejemploMaven\pom.xml.
2025-11-25 12:12:51,976 [Worker-6: Creating maven-archetype-quickstart] INFO  o.e.m.c.i.e.AbstractTransferListenerAdapter - Downloading https://repo.maven.apache.org/maven2/junit/junit/3.8.1/junit-3.8.1.pom
2025-11-25 12:12:52,004 [Worker-6: Creating maven-archetype-quickstart] INFO  o.e.m.c.i.e.AbstractTransferListenerAdapter - Downloaded https://repo.maven.apache.org/maven2/junit/junit/3.8.1/junit-3.8.1.pom
2025-11-25 12:12:52,081 [Worker-6: Creating maven-archetype-quickstart] INFO  o.e.m.c.i.e.AbstractTransferListenerAdapter - Downloading https://repo.maven.apache.org/maven2/junit/junit/3.8.1/junit-3.8.1.jar
2025-11-25 12:12:52,107 [Worker-6: Creating maven-archetype-quickstart] INFO  o.e.m.c.i.e.AbstractTransferListenerAdapter - Downloaded https://repo.maven.apache.org/maven2/junit/junit/3.8.1/junit-3.8.1.jar
2025-11-25 12:12:52,154 [Worker-6: Creating maven-archetype-quickstart] INFO  o.e.m.c.i.e.AbstractTransferListenerAdapter - Downloading https://repo.maven.apache.org/maven2/org/apache/maven/plugins/maven-resources-plugin/3.3.1/maven-resources-plugin-3.3.1.pom
2025-11-25 12:12:52,187 [Worker-6: Creating maven-archetype-quickstart] INFO  o.e.m.c.i.e.AbstractTransferListenerAdapter - Downloaded https://repo.maven.apache.org/maven2/org/apache/maven/plugins/maven-resources-plugin/3.3.1/maven-resources-plugin-3.3.1.pom
2025-11-25 12:12:52,228 [Worker-6: Creating maven-archetype-quickstart] INFO  o.e.m.c.i.e.AbstractTransferListenerAdapter - Downloading https://repo.maven.apache.org/maven2/org/apache/maven/plugins/maven-plugins/39/maven-plugins-39.pom
2025-11-25 12:12:52,262 [Worker-6: Creating maven-archetype-quickstart] INFO  o.e.m.c.i.e.AbstractTransferListenerAdapter - Downloaded https://repo.maven.apache.org/maven2/org/apache/maven/plugins/maven-plugins/39/maven-plugins-39.pom
2025-11-25 12:12:52,337 [Worker-6: Creating maven-archetype-quickstart] INFO  o.e.m.c.i.e.AbstractTransferListenerAdapter - Downloading https://repo.maven.apache.org/maven2/org/apache/maven/plugins/maven-surefire-plugin/3.2.5/maven-surefire-plugin-3.2.5.pom
2025-11-25 12:12:52,364 [Worker-6: Creating maven-archetype-quickstart] INFO  o.e.m.c.i.e.AbstractTransferListenerAdapter - Downloaded https://repo.maven.apache.org/maven2/org/apache/maven/plugins/maven-surefire-plugin/3.2.5/maven-surefire-plugin-3.2.5.pom
2025-11-25 12:12:52,404 [Worker-6: Creating maven-archetype-quickstart] INFO  o.e.m.c.i.e.AbstractTransferListenerAdapter - Downloading https://repo.maven.apache.org/maven2/org/apache/maven/surefire/surefire/3.2.5/surefire-3.2.5.pom
2025-11-25 12:12:52,441 [Worker-6: Creating maven-archetype-quickstart] INFO  o.e.m.c.i.e.AbstractTransferListenerAdapter - Downloaded https://repo.maven.apache.org/maven2/org/apache/maven/surefire/surefire/3.2.5/surefire-3.2.5.pom
2025-11-25 12:12:52,553 [Worker-6: Creating maven-archetype-quickstart] INFO  o.e.m.c.i.e.AbstractTransferListenerAdapter - Downloading https://repo.maven.apache.org/maven2/org/apache/maven/plugins/maven-jar-plugin/3.4.1/maven-jar-plugin-3.4.1.pom
2025-11-25 12:12:52,583 [Worker-6: Creating maven-archetype-quickstart] INFO  o.e.m.c.i.e.AbstractTransferListenerAdapter - Downloaded https://repo.maven.apache.org/maven2/org/apache/maven/plugins/maven-jar-plugin/3.4.1/maven-jar-plugin-3.4.1.pom
2025-11-25 12:12:52,705 [Worker-6: Creating maven-archetype-quickstart] INFO  o.e.m.c.i.e.AbstractTransferListenerAdapter - Downloading https://repo.maven.apache.org/maven2/org/apache/maven/shared/file-management/3.1.0/file-management-3.1.0.pom
2025-11-25 12:12:52,737 [Worker-6: Creating maven-archetype-quickstart] INFO  o.e.m.c.i.e.AbstractTransferListenerAdapter - Downloaded https://repo.maven.apache.org/maven2/org/apache/maven/shared/file-management/3.1.0/file-management-3.1.0.pom
2025-11-25 12:12:52,777 [Worker-6: Creating maven-archetype-quickstart] INFO  o.e.m.c.i.e.AbstractTransferListenerAdapter - Downloading https://repo.maven.apache.org/maven2/org/apache/maven/shared/maven-shared-components/36/maven-shared-components-36.pom
2025-11-25 12:12:52,805 [Worker-6: Creating maven-archetype-quickstart] INFO  o.e.m.c.i.e.AbstractTransferListenerAdapter - Downloaded https://repo.maven.apache.org/maven2/org/apache/maven/shared/maven-shared-components/36/maven-shared-components-36.pom
2025-11-25 12:12:52,899 [Worker-6: Creating maven-archetype-quickstart] INFO  o.e.m.c.i.e.AbstractTransferListenerAdapter - Downloading https://repo.maven.apache.org/maven2/org/codehaus/plexus/plexus-utils/4.0.1/plexus-utils-4.0.1.pom
2025-11-25 12:12:52,925 [Worker-6: Creating maven-archetype-quickstart] INFO  o.e.m.c.i.e.AbstractTransferListenerAdapter - Downloaded https://repo.maven.apache.org/maven2/org/codehaus/plexus/plexus-utils/4.0.1/plexus-utils-4.0.1.pom
2025-11-25 12:12:52,969 [Worker-6: Creating maven-archetype-quickstart] INFO  o.e.m.c.i.e.AbstractTransferListenerAdapter - Downloading https://repo.maven.apache.org/maven2/commons-io/commons-io/2.16.1/commons-io-2.16.1.pom
2025-11-25 12:12:53,001 [Worker-6: Creating maven-archetype-quickstart] INFO  o.e.m.c.i.e.AbstractTransferListenerAdapter - Downloaded https://repo.maven.apache.org/maven2/commons-io/commons-io/2.16.1/commons-io-2.16.1.pom
2025-11-25 12:12:53,075 [Worker-6: Creating maven-archetype-quickstart] INFO  o.e.m.c.i.e.AbstractTransferListenerAdapter - Downloading https://repo.maven.apache.org/maven2/org/apache/maven/maven-archiver/3.6.2/maven-archiver-3.6.2.pom
2025-11-25 12:12:53,104 [Worker-6: Creating maven-archetype-quickstart] INFO  o.e.m.c.i.e.AbstractTransferListenerAdapter - Downloaded https://repo.maven.apache.org/maven2/org/apache/maven/maven-archiver/3.6.2/maven-archiver-3.6.2.pom
2025-11-25 12:12:53,173 [Worker-6: Creating maven-archetype-quickstart] INFO  o.e.m.c.i.e.AbstractTransferListenerAdapter - Downloading https://repo.maven.apache.org/maven2/org/codehaus/plexus/plexus-archiver/4.9.2/plexus-archiver-4.9.2.pom
2025-11-25 12:12:53,201 [Worker-6: Creating maven-archetype-quickstart] INFO  o.e.m.c.i.e.AbstractTransferListenerAdapter - Downloaded https://repo.maven.apache.org/maven2/org/codehaus/plexus/plexus-archiver/4.9.2/plexus-archiver-4.9.2.pom
2025-11-25 12:12:53,245 [Worker-6: Creating maven-archetype-quickstart] INFO  o.e.m.c.i.e.AbstractTransferListenerAdapter - Downloading https://repo.maven.apache.org/maven2/org/codehaus/plexus/plexus-io/3.4.2/plexus-io-3.4.2.pom
2025-11-25 12:12:53,273 [Worker-6: Creating maven-archetype-quickstart] INFO  o.e.m.c.i.e.AbstractTransferListenerAdapter - Downloaded https://repo.maven.apache.org/maven2/org/codehaus/plexus/plexus-io/3.4.2/plexus-io-3.4.2.pom
2025-11-25 12:12:53,314 [Worker-6: Creating maven-archetype-quickstart] INFO  o.e.m.c.i.e.AbstractTransferListenerAdapter - Downloading https://repo.maven.apache.org/maven2/org/codehaus/plexus/plexus/16/plexus-16.pom
2025-11-25 12:12:53,343 [Worker-6: Creating maven-archetype-quickstart] INFO  o.e.m.c.i.e.AbstractTransferListenerAdapter - Downloaded https://repo.maven.apache.org/maven2/org/codehaus/plexus/plexus/16/plexus-16.pom
2025-11-25 12:12:53,391 [Worker-6: Creating maven-archetype-quickstart] INFO  o.e.m.c.i.e.AbstractTransferListenerAdapter - Downloading https://repo.maven.apache.org/maven2/org/junit/junit-bom/5.10.1/junit-bom-5.10.1.pom
2025-11-25 12:12:53,418 [Worker-6: Creating maven-archetype-quickstart] INFO  o.e.m.c.i.e.AbstractTransferListenerAdapter - Downloaded https://repo.maven.apache.org/maven2/org/junit/junit-bom/5.10.1/junit-bom-5.10.1.pom
2025-11-25 12:12:53,453 [Worker-6: Creating maven-archetype-quickstart] INFO  o.e.m.c.i.e.AbstractTransferListenerAdapter - Downloading https://repo.maven.apache.org/maven2/org/apache/commons/commons-compress/1.26.1/commons-compress-1.26.1.pom
2025-11-25 12:12:53,486 [Worker-6: Creating maven-archetype-quickstart] INFO  o.e.m.c.i.e.AbstractTransferListenerAdapter - Downloaded https://repo.maven.apache.org/maven2/org/apache/commons/commons-compress/1.26.1/commons-compress-1.26.1.pom
2025-11-25 12:12:53,533 [Worker-6: Creating maven-archetype-quickstart] INFO  o.e.m.c.i.e.AbstractTransferListenerAdapter - Downloading https://repo.maven.apache.org/maven2/org/apache/commons/commons-parent/66/commons-parent-66.pom
2025-11-25 12:12:53,568 [Worker-6: Creating maven-archetype-quickstart] INFO  o.e.m.c.i.e.AbstractTransferListenerAdapter - Downloaded https://repo.maven.apache.org/maven2/org/apache/commons/commons-parent/66/commons-parent-66.pom
2025-11-25 12:12:53,620 [Worker-6: Creating maven-archetype-quickstart] INFO  o.e.m.c.i.e.AbstractTransferListenerAdapter - Downloading https://repo.maven.apache.org/maven2/commons-codec/commons-codec/1.16.1/commons-codec-1.16.1.pom
2025-11-25 12:12:53,655 [Worker-6: Creating maven-archetype-quickstart] INFO  o.e.m.c.i.e.AbstractTransferListenerAdapter - Downloaded https://repo.maven.apache.org/maven2/commons-codec/commons-codec/1.16.1/commons-codec-1.16.1.pom
2025-11-25 12:12:53,709 [Worker-6: Creating maven-archetype-quickstart] INFO  o.e.m.c.i.e.AbstractTransferListenerAdapter - Downloading https://repo.maven.apache.org/maven2/org/apache/commons/commons-lang3/3.14.0/commons-lang3-3.14.0.pom
2025-11-25 12:12:53,742 [Worker-6: Creating maven-archetype-quickstart] INFO  o.e.m.c.i.e.AbstractTransferListenerAdapter - Downloaded https://repo.maven.apache.org/maven2/org/apache/commons/commons-lang3/3.14.0/commons-lang3-3.14.0.pom
2025-11-25 12:12:53,798 [Worker-6: Creating maven-archetype-quickstart] INFO  o.e.m.c.i.e.AbstractTransferListenerAdapter - Downloading https://repo.maven.apache.org/maven2/org/apache/commons/commons-parent/64/commons-parent-64.pom
2025-11-25 12:12:53,829 [Worker-6: Creating maven-archetype-quickstart] INFO  o.e.m.c.i.e.AbstractTransferListenerAdapter - Downloaded https://repo.maven.apache.org/maven2/org/apache/commons/commons-parent/64/commons-parent-64.pom
2025-11-25 12:12:53,883 [Worker-6: Creating maven-archetype-quickstart] INFO  o.e.m.c.i.e.AbstractTransferListenerAdapter - Downloading https://repo.maven.apache.org/maven2/org/apache/apache/30/apache-30.pom
2025-11-25 12:12:53,915 [Worker-6: Creating maven-archetype-quickstart] INFO  o.e.m.c.i.e.AbstractTransferListenerAdapter - Downloaded https://repo.maven.apache.org/maven2/org/apache/apache/30/apache-30.pom
2025-11-25 12:12:53,971 [Worker-6: Creating maven-archetype-quickstart] INFO  o.e.m.c.i.e.AbstractTransferListenerAdapter - Downloading https://repo.maven.apache.org/maven2/org/iq80/snappy/snappy/0.4/snappy-0.4.pom
2025-11-25 12:12:54,001 [Worker-6: Creating maven-archetype-quickstart] INFO  o.e.m.c.i.e.AbstractTransferListenerAdapter - Downloaded https://repo.maven.apache.org/maven2/org/iq80/snappy/snappy/0.4/snappy-0.4.pom
2025-11-25 12:12:54,074 [Worker-6: Creating maven-archetype-quickstart] INFO  o.e.m.c.i.e.AbstractTransferListenerAdapter - Downloading https://repo.maven.apache.org/maven2/com/github/luben/zstd-jni/1.5.5-11/zstd-jni-1.5.5-11.pom
2025-11-25 12:12:54,106 [Worker-6: Creating maven-archetype-quickstart] INFO  o.e.m.c.i.e.AbstractTransferListenerAdapter - Downloaded https://repo.maven.apache.org/maven2/com/github/luben/zstd-jni/1.5.5-11/zstd-jni-1.5.5-11.pom
2025-11-25 12:12:54,163 [Worker-6: Creating maven-archetype-quickstart] INFO  o.e.m.c.i.e.AbstractTransferListenerAdapter - Downloading https://repo.maven.apache.org/maven2/org/codehaus/plexus/plexus-interpolation/1.27/plexus-interpolation-1.27.pom
2025-11-25 12:12:54,190 [Worker-6: Creating maven-archetype-quickstart] INFO  o.e.m.c.i.e.AbstractTransferListenerAdapter - Downloaded https://repo.maven.apache.org/maven2/org/codehaus/plexus/plexus-interpolation/1.27/plexus-interpolation-1.27.pom
2025-11-25 12:12:54,249 [Worker-6: Creating maven-archetype-quickstart] INFO  o.e.m.c.i.e.AbstractTransferListenerAdapter - Downloading https://repo.maven.apache.org/maven2/org/apache/maven/shared/file-management/3.1.0/file-management-3.1.0.jar
2025-11-25 12:12:54,673 [Worker-6: Creating maven-archetype-quickstart] INFO  o.e.m.c.i.e.AbstractTransferListenerAdapter - Downloaded https://repo.maven.apache.org/maven2/org/apache/maven/shared/file-management/3.1.0/file-management-3.1.0.jar
2025-11-25 12:12:54,737 [BasicRepositoryConnector-repo.maven.apache.org-1-3] INFO  o.e.m.c.i.e.AbstractTransferListenerAdapter - Downloading https://repo.maven.apache.org/maven2/org/codehaus/plexus/plexus-utils/4.0.1/plexus-utils-4.0.1.jar
2025-11-25 12:12:54,751 [BasicRepositoryConnector-repo.maven.apache.org-1-1] INFO  o.e.m.c.i.e.AbstractTransferListenerAdapter - Downloading https://repo.maven.apache.org/maven2/org/apache/maven/maven-archiver/3.6.2/maven-archiver-3.6.2.jar
2025-11-25 12:12:54,857 [BasicRepositoryConnector-repo.maven.apache.org-1-4] INFO  o.e.m.c.i.e.AbstractTransferListenerAdapter - Downloading https://repo.maven.apache.org/maven2/org/codehaus/plexus/plexus-archiver/4.9.2/plexus-archiver-4.9.2.jar
2025-11-25 12:12:54,892 [BasicRepositoryConnector-repo.maven.apache.org-1-3] INFO  o.e.m.c.i.e.AbstractTransferListenerAdapter - Downloaded https://repo.maven.apache.org/maven2/org/codehaus/plexus/plexus-utils/4.0.1/plexus-utils-4.0.1.jar
2025-11-25 12:12:54,903 [BasicRepositoryConnector-repo.maven.apache.org-1-0] INFO  o.e.m.c.i.e.AbstractTransferListenerAdapter - Downloading https://repo.maven.apache.org/maven2/commons-io/commons-io/2.16.1/commons-io-2.16.1.jar
2025-11-25 12:12:54,950 [BasicRepositoryConnector-repo.maven.apache.org-1-2] INFO  o.e.m.c.i.e.AbstractTransferListenerAdapter - Downloading https://repo.maven.apache.org/maven2/org/codehaus/plexus/plexus-interpolation/1.27/plexus-interpolation-1.27.jar
2025-11-25 12:12:55,009 [BasicRepositoryConnector-repo.maven.apache.org-1-1] INFO  o.e.m.c.i.e.AbstractTransferListenerAdapter - Downloaded https://repo.maven.apache.org/maven2/org/apache/maven/maven-archiver/3.6.2/maven-archiver-3.6.2.jar
2025-11-25 12:12:55,013 [BasicRepositoryConnector-repo.maven.apache.org-1-2] INFO  o.e.m.c.i.e.AbstractTransferListenerAdapter - Downloaded https://repo.maven.apache.org/maven2/org/codehaus/plexus/plexus-interpolation/1.27/plexus-interpolation-1.27.jar
2025-11-25 12:12:55,044 [BasicRepositoryConnector-repo.maven.apache.org-1-3] INFO  o.e.m.c.i.e.AbstractTransferListenerAdapter - Downloading https://repo.maven.apache.org/maven2/org/codehaus/plexus/plexus-io/3.4.2/plexus-io-3.4.2.jar
2025-11-25 12:12:55,057 [BasicRepositoryConnector-repo.maven.apache.org-1-2] INFO  o.e.m.c.i.e.AbstractTransferListenerAdapter - Downloading https://repo.maven.apache.org/maven2/org/apache/commons/commons-lang3/3.14.0/commons-lang3-3.14.0.jar
2025-11-25 12:12:55,060 [BasicRepositoryConnector-repo.maven.apache.org-1-4] INFO  o.e.m.c.i.e.AbstractTransferListenerAdapter - Downloaded https://repo.maven.apache.org/maven2/org/codehaus/plexus/plexus-archiver/4.9.2/plexus-archiver-4.9.2.jar
2025-11-25 12:12:55,120 [BasicRepositoryConnector-repo.maven.apache.org-1-3] INFO  o.e.m.c.i.e.AbstractTransferListenerAdapter - Downloaded https://repo.maven.apache.org/maven2/org/codehaus/plexus/plexus-io/3.4.2/plexus-io-3.4.2.jar
2025-11-25 12:12:55,158 [BasicRepositoryConnector-repo.maven.apache.org-1-1] INFO  o.e.m.c.i.e.AbstractTransferListenerAdapter - Downloading https://repo.maven.apache.org/maven2/org/apache/commons/commons-compress/1.26.1/commons-compress-1.26.1.jar
2025-11-25 12:12:55,213 [BasicRepositoryConnector-repo.maven.apache.org-1-4] INFO  o.e.m.c.i.e.AbstractTransferListenerAdapter - Downloading https://repo.maven.apache.org/maven2/commons-codec/commons-codec/1.16.1/commons-codec-1.16.1.jar
2025-11-25 12:12:55,240 [BasicRepositoryConnector-repo.maven.apache.org-1-2] INFO  o.e.m.c.i.e.AbstractTransferListenerAdapter - Downloaded https://repo.maven.apache.org/maven2/org/apache/commons/commons-lang3/3.14.0/commons-lang3-3.14.0.jar
2025-11-25 12:12:55,281 [BasicRepositoryConnector-repo.maven.apache.org-1-2] INFO  o.e.m.c.i.e.AbstractTransferListenerAdapter - Downloading https://repo.maven.apache.org/maven2/org/tukaani/xz/1.9/xz-1.9.jar
2025-11-25 12:12:55,323 [BasicRepositoryConnector-repo.maven.apache.org-1-2] INFO  o.e.m.c.i.e.AbstractTransferListenerAdapter - Downloaded https://repo.maven.apache.org/maven2/org/tukaani/xz/1.9/xz-1.9.jar
2025-11-25 12:12:55,352 [BasicRepositoryConnector-repo.maven.apache.org-1-2] INFO  o.e.m.c.i.e.AbstractTransferListenerAdapter - Downloading https://repo.maven.apache.org/maven2/com/github/luben/zstd-jni/1.5.5-11/zstd-jni-1.5.5-11.jar
2025-11-25 12:12:55,368 [BasicRepositoryConnector-repo.maven.apache.org-1-3] INFO  o.e.m.c.i.e.AbstractTransferListenerAdapter - Downloading https://repo.maven.apache.org/maven2/org/iq80/snappy/snappy/0.4/snappy-0.4.jar
2025-11-25 12:12:55,434 [BasicRepositoryConnector-repo.maven.apache.org-1-3] INFO  o.e.m.c.i.e.AbstractTransferListenerAdapter - Downloaded https://repo.maven.apache.org/maven2/org/iq80/snappy/snappy/0.4/snappy-0.4.jar
2025-11-25 12:12:55,666 [BasicRepositoryConnector-repo.maven.apache.org-1-4] INFO  o.e.m.c.i.e.AbstractTransferListenerAdapter - Downloaded https://repo.maven.apache.org/maven2/commons-codec/commons-codec/1.16.1/commons-codec-1.16.1.jar
2025-11-25 12:12:56,033 [BasicRepositoryConnector-repo.maven.apache.org-1-1] INFO  o.e.m.c.i.e.AbstractTransferListenerAdapter - Downloaded https://repo.maven.apache.org/maven2/org/apache/commons/commons-compress/1.26.1/commons-compress-1.26.1.jar
2025-11-25 12:12:56,243 [BasicRepositoryConnector-repo.maven.apache.org-1-0] INFO  o.e.m.c.i.e.AbstractTransferListenerAdapter - Downloaded https://repo.maven.apache.org/maven2/commons-io/commons-io/2.16.1/commons-io-2.16.1.jar
2025-11-25 12:12:57,117 [BasicRepositoryConnector-repo.maven.apache.org-1-2] INFO  o.e.m.c.i.e.AbstractTransferListenerAdapter - Downloaded https://repo.maven.apache.org/maven2/com/github/luben/zstd-jni/1.5.5-11/zstd-jni-1.5.5-11.jar
2025-11-25 12:12:57,755 [Worker-6: Creating maven-archetype-quickstart] INFO  o.e.m.c.i.e.AbstractTransferListenerAdapter - Downloading https://repo.maven.apache.org/maven2/org/codehaus/plexus/plexus-interpolation/1.26/plexus-interpolation-1.26.pom
2025-11-25 12:12:57,783 [Worker-6: Creating maven-archetype-quickstart] INFO  o.e.m.c.i.e.AbstractTransferListenerAdapter - Downloaded https://repo.maven.apache.org/maven2/org/codehaus/plexus/plexus-interpolation/1.26/plexus-interpolation-1.26.pom
2025-11-25 12:12:57,818 [Worker-6: Creating maven-archetype-quickstart] INFO  o.e.m.c.i.e.AbstractTransferListenerAdapter - Downloading https://repo.maven.apache.org/maven2/org/codehaus/plexus/plexus/5.1/plexus-5.1.pom
2025-11-25 12:12:57,848 [Worker-6: Creating maven-archetype-quickstart] INFO  o.e.m.c.i.e.AbstractTransferListenerAdapter - Downloaded https://repo.maven.apache.org/maven2/org/codehaus/plexus/plexus/5.1/plexus-5.1.pom
2025-11-25 12:12:57,895 [Worker-6: Creating maven-archetype-quickstart] INFO  o.e.m.c.i.e.AbstractTransferListenerAdapter - Downloading https://repo.maven.apache.org/maven2/org/codehaus/plexus/plexus-utils/3.5.1/plexus-utils-3.5.1.pom
2025-11-25 12:12:57,923 [Worker-6: Creating maven-archetype-quickstart] INFO  o.e.m.c.i.e.AbstractTransferListenerAdapter - Downloaded https://repo.maven.apache.org/maven2/org/codehaus/plexus/plexus-utils/3.5.1/plexus-utils-3.5.1.pom
2025-11-25 12:12:57,965 [Worker-6: Creating maven-archetype-quickstart] INFO  o.e.m.c.i.e.AbstractTransferListenerAdapter - Downloading https://repo.maven.apache.org/maven2/org/codehaus/plexus/plexus/10/plexus-10.pom
2025-11-25 12:12:57,992 [Worker-6: Creating maven-archetype-quickstart] INFO  o.e.m.c.i.e.AbstractTransferListenerAdapter - Downloaded https://repo.maven.apache.org/maven2/org/codehaus/plexus/plexus/10/plexus-10.pom
2025-11-25 12:12:58,045 [Worker-6: Creating maven-archetype-quickstart] INFO  o.e.m.c.i.e.AbstractTransferListenerAdapter - Downloading https://repo.maven.apache.org/maven2/org/apache/maven/shared/maven-filtering/3.3.1/maven-filtering-3.3.1.pom
2025-11-25 12:12:58,072 [Worker-6: Creating maven-archetype-quickstart] INFO  o.e.m.c.i.e.AbstractTransferListenerAdapter - Downloaded https://repo.maven.apache.org/maven2/org/apache/maven/shared/maven-filtering/3.3.1/maven-filtering-3.3.1.pom
2025-11-25 12:12:58,110 [Worker-6: Creating maven-archetype-quickstart] INFO  o.e.m.c.i.e.AbstractTransferListenerAdapter - Downloading https://repo.maven.apache.org/maven2/org/sonatype/plexus/plexus-build-api/0.0.7/plexus-build-api-0.0.7.pom
2025-11-25 12:12:58,138 [Worker-6: Creating maven-archetype-quickstart] INFO  o.e.m.c.i.e.AbstractTransferListenerAdapter - Downloaded https://repo.maven.apache.org/maven2/org/sonatype/plexus/plexus-build-api/0.0.7/plexus-build-api-0.0.7.pom
2025-11-25 12:12:58,170 [Worker-6: Creating maven-archetype-quickstart] INFO  o.e.m.c.i.e.AbstractTransferListenerAdapter - Downloading https://repo.maven.apache.org/maven2/org/sonatype/spice/spice-parent/15/spice-parent-15.pom
2025-11-25 12:12:58,197 [Worker-6: Creating maven-archetype-quickstart] INFO  o.e.m.c.i.e.AbstractTransferListenerAdapter - Downloaded https://repo.maven.apache.org/maven2/org/sonatype/spice/spice-parent/15/spice-parent-15.pom
2025-11-25 12:12:58,245 [Worker-6: Creating maven-archetype-quickstart] INFO  o.e.m.c.i.e.AbstractTransferListenerAdapter - Downloading https://repo.maven.apache.org/maven2/org/sonatype/forge/forge-parent/5/forge-parent-5.pom
2025-11-25 12:12:58,274 [Worker-6: Creating maven-archetype-quickstart] INFO  o.e.m.c.i.e.AbstractTransferListenerAdapter - Downloaded https://repo.maven.apache.org/maven2/org/sonatype/forge/forge-parent/5/forge-parent-5.pom
2025-11-25 12:12:58,315 [Worker-6: Creating maven-archetype-quickstart] INFO  o.e.m.c.i.e.AbstractTransferListenerAdapter - Downloading https://repo.maven.apache.org/maven2/org/codehaus/plexus/plexus-utils/3.5.0/plexus-utils-3.5.0.pom
2025-11-25 12:12:58,343 [Worker-6: Creating maven-archetype-quickstart] INFO  o.e.m.c.i.e.AbstractTransferListenerAdapter - Downloaded https://repo.maven.apache.org/maven2/org/codehaus/plexus/plexus-utils/3.5.0/plexus-utils-3.5.0.pom
2025-11-25 12:12:58,379 [Worker-6: Creating maven-archetype-quickstart] INFO  o.e.m.c.i.e.AbstractTransferListenerAdapter - Downloading https://repo.maven.apache.org/maven2/org/apache/commons/commons-lang3/3.12.0/commons-lang3-3.12.0.pom
2025-11-25 12:12:58,408 [Worker-6: Creating maven-archetype-quickstart] INFO  o.e.m.c.i.e.AbstractTransferListenerAdapter - Downloaded https://repo.maven.apache.org/maven2/org/apache/commons/commons-lang3/3.12.0/commons-lang3-3.12.0.pom
2025-11-25 12:12:58,454 [Worker-6: Creating maven-archetype-quickstart] INFO  o.e.m.c.i.e.AbstractTransferListenerAdapter - Downloading https://repo.maven.apache.org/maven2/org/junit/junit-bom/5.7.1/junit-bom-5.7.1.pom
2025-11-25 12:12:58,480 [Worker-6: Creating maven-archetype-quickstart] INFO  o.e.m.c.i.e.AbstractTransferListenerAdapter - Downloaded https://repo.maven.apache.org/maven2/org/junit/junit-bom/5.7.1/junit-bom-5.7.1.pom
2025-11-25 12:12:58,535 [Worker-6: Creating maven-archetype-quickstart] INFO  o.e.m.c.i.e.AbstractTransferListenerAdapter - Downloading https://repo.maven.apache.org/maven2/org/codehaus/plexus/plexus-interpolation/1.26/plexus-interpolation-1.26.jar
2025-11-25 12:12:58,581 [Worker-6: Creating maven-archetype-quickstart] INFO  o.e.m.c.i.e.AbstractTransferListenerAdapter - Downloaded https://repo.maven.apache.org/maven2/org/codehaus/plexus/plexus-interpolation/1.26/plexus-interpolation-1.26.jar
2025-11-25 12:12:58,613 [BasicRepositoryConnector-repo.maven.apache.org-2-0] INFO  o.e.m.c.i.e.AbstractTransferListenerAdapter - Downloading https://repo.maven.apache.org/maven2/org/codehaus/plexus/plexus-utils/3.5.1/plexus-utils-3.5.1.jar
2025-11-25 12:12:58,628 [BasicRepositoryConnector-repo.maven.apache.org-2-3] INFO  o.e.m.c.i.e.AbstractTransferListenerAdapter - Downloading https://repo.maven.apache.org/maven2/org/apache/commons/commons-lang3/3.12.0/commons-lang3-3.12.0.jar
2025-11-25 12:12:58,637 [BasicRepositoryConnector-repo.maven.apache.org-2-2] INFO  o.e.m.c.i.e.AbstractTransferListenerAdapter - Downloading https://repo.maven.apache.org/maven2/org/sonatype/plexus/plexus-build-api/0.0.7/plexus-build-api-0.0.7.jar
2025-11-25 12:12:58,668 [BasicRepositoryConnector-repo.maven.apache.org-2-1] INFO  o.e.m.c.i.e.AbstractTransferListenerAdapter - Downloading https://repo.maven.apache.org/maven2/org/apache/maven/shared/maven-filtering/3.3.1/maven-filtering-3.3.1.jar
2025-11-25 12:12:58,732 [Worker-23: Download sources and javadoc] INFO  o.e.m.c.i.e.AbstractTransferListenerAdapter - Downloading https://repo.maven.apache.org/maven2/junit/junit/3.8.1/junit-3.8.1-sources.jar
2025-11-25 12:12:58,779 [Worker-23: Download sources and javadoc] INFO  o.e.m.c.i.e.AbstractTransferListenerAdapter - Downloaded https://repo.maven.apache.org/maven2/junit/junit/3.8.1/junit-3.8.1-sources.jar
2025-11-25 12:12:58,784 [Worker-23: Download sources and javadoc] INFO  o.e.m.j.internal.DownloadSourcesJob - Downloaded sources for junit:junit:3.8.1
2025-11-25 12:12:58,814 [BasicRepositoryConnector-repo.maven.apache.org-2-0] INFO  o.e.m.c.i.e.AbstractTransferListenerAdapter - Downloaded https://repo.maven.apache.org/maven2/org/codehaus/plexus/plexus-utils/3.5.1/plexus-utils-3.5.1.jar
2025-11-25 12:12:58,815 [BasicRepositoryConnector-repo.maven.apache.org-2-1] INFO  o.e.m.c.i.e.AbstractTransferListenerAdapter - Downloaded https://repo.maven.apache.org/maven2/org/apache/maven/shared/maven-filtering/3.3.1/maven-filtering-3.3.1.jar
2025-11-25 12:12:58,818 [BasicRepositoryConnector-repo.maven.apache.org-2-2] INFO  o.e.m.c.i.e.AbstractTransferListenerAdapter - Downloaded https://repo.maven.apache.org/maven2/org/sonatype/plexus/plexus-build-api/0.0.7/plexus-build-api-0.0.7.jar
2025-11-25 12:12:58,954 [BasicRepositoryConnector-repo.maven.apache.org-2-3] INFO  o.e.m.c.i.e.AbstractTransferListenerAdapter - Downloaded https://repo.maven.apache.org/maven2/org/apache/commons/commons-lang3/3.12.0/commons-lang3-3.12.0.jar
2025-11-25 12:12:59,004 [Worker-6: Creating maven-archetype-quickstart] INFO  o.e.m.j.i.AbstractJavaProjectConfigurator - Adding source folder /ejemploMaven/src/main/java
2025-11-25 12:12:59,006 [Worker-6: Creating maven-archetype-quickstart] INFO  o.e.m.j.i.AbstractJavaProjectConfigurator - Adding resource folder /ejemploMaven/src/main/resources
2025-11-25 12:12:59,017 [Worker-6: Creating maven-archetype-quickstart] INFO  o.e.m.j.i.AbstractJavaProjectConfigurator - Adding source folder /ejemploMaven/src/test/java
2025-11-25 12:12:59,018 [Worker-6: Creating maven-archetype-quickstart] INFO  o.e.m.j.i.AbstractJavaProjectConfigurator - Adding resource folder /ejemploMaven/src/test/resources
2025-11-25 12:12:59,189 [Worker-6: Creating maven-archetype-quickstart] WARN  o.apache.maven.project.MavenProject - Direct modification of compileSourceRoots through clear() is deprecated and will not work in Maven 4.0.0. Please use the add/remove methods instead. If you're using a plugin that causes this warning, please upgrade to the latest version and report an issue if the warning persists. To disable these warnings, set -Dmaven.project.sourceRoots.warningsDisabled=true on the command line, in the .mvn/maven.config file, or in project POM properties.
2025-11-25 12:12:59,190 [Worker-6: Creating maven-archetype-quickstart] WARN  o.apache.maven.project.MavenProject - Direct modification of compileSourceRoots through add() is deprecated and will not work in Maven 4.0.0. Please use the add/remove methods instead. If you're using a plugin that causes this warning, please upgrade to the latest version and report an issue if the warning persists. To disable these warnings, set -Dmaven.project.sourceRoots.warningsDisabled=true on the command line, in the .mvn/maven.config file, or in project POM properties.
2025-11-25 12:12:59,191 [Worker-6: Creating maven-archetype-quickstart] WARN  o.apache.maven.project.MavenProject - Direct modification of testCompileSourceRoots through clear() is deprecated and will not work in Maven 4.0.0. Please use the add/remove methods instead. If you're using a plugin that causes this warning, please upgrade to the latest version and report an issue if the warning persists. To disable these warnings, set -Dmaven.project.sourceRoots.warningsDisabled=true on the command line, in the .mvn/maven.config file, or in project POM properties.
2025-11-25 12:12:59,191 [Worker-6: Creating maven-archetype-quickstart] WARN  o.apache.maven.project.MavenProject - Direct modification of testCompileSourceRoots through add() is deprecated and will not work in Maven 4.0.0. Please use the add/remove methods instead. If you're using a plugin that causes this warning, please upgrade to the latest version and report an issue if the warning persists. To disable these warnings, set -Dmaven.project.sourceRoots.warningsDisabled=true on the command line, in the .mvn/maven.config file, or in project POM properties.
2025-11-25 12:12:59,212 [Worker-6: Creating maven-archetype-quickstart] INFO  o.e.m.c.i.p.ProjectConfigurationManager - Imported and configured 1 project(s) in 13 sec
2025-11-25 12:12:59,808 [Worker-20: Building] INFO  o.a.m.s.f.DefaultMavenResourcesFiltering - skip non existing resourceDirectory C:\Users\hel21\Desktop\programacion\java\ejemploMaven\src\main\resources
2025-11-25 12:12:59,811 [Worker-20: Building] INFO  o.a.m.s.f.DefaultMavenResourcesFiltering - skip non existing resourceDirectory C:\Users\hel21\Desktop\programacion\java\ejemploMaven\src\test\resources
2025-11-25 12:13:00,058 [Worker-20: Building] WARN  o.apache.maven.project.MavenProject - Direct modification of compileSourceRoots through clear() is deprecated and will not work in Maven 4.0.0. Please use the add/remove methods instead. If you're using a plugin that causes this warning, please upgrade to the latest version and report an issue if the warning persists. To disable these warnings, set -Dmaven.project.sourceRoots.warningsDisabled=true on the command line, in the .mvn/maven.config file, or in project POM properties.
2025-11-25 12:13:00,059 [Worker-20: Building] WARN  o.apache.maven.project.MavenProject - Direct modification of compileSourceRoots through add() is deprecated and will not work in Maven 4.0.0. Please use the add/remove methods instead. If you're using a plugin that causes this warning, please upgrade to the latest version and report an issue if the warning persists. To disable these warnings, set -Dmaven.project.sourceRoots.warningsDisabled=true on the command line, in the .mvn/maven.config file, or in project POM properties.
2025-11-25 12:13:00,060 [Worker-20: Building] WARN  o.apache.maven.project.MavenProject - Direct modification of testCompileSourceRoots through clear() is deprecated and will not work in Maven 4.0.0. Please use the add/remove methods instead. If you're using a plugin that causes this warning, please upgrade to the latest version and report an issue if the warning persists. To disable these warnings, set -Dmaven.project.sourceRoots.warningsDisabled=true on the command line, in the .mvn/maven.config file, or in project POM properties.
2025-11-25 12:13:00,061 [Worker-20: Building] WARN  o.apache.maven.project.MavenProject - Direct modification of testCompileSourceRoots through add() is deprecated and will not work in Maven 4.0.0. Please use the add/remove methods instead. If you're using a plugin that causes this warning, please upgrade to the latest version and report an issue if the warning persists. To disable these warnings, set -Dmaven.project.sourceRoots.warningsDisabled=true on the command line, in the .mvn/maven.config file, or in project POM properties.
2025-11-25 12:13:56,575 [main] INFO  o.e.m.jdt.internal.UnitTestSupport - Updating AppTest from maven configuration
2025-11-25 12:13:56,688 [main] INFO  o.e.m.c.i.e.AbstractTransferListenerAdapter - Downloading https://repo.maven.apache.org/maven2/org/apache/maven/surefire/maven-surefire-common/3.2.5/maven-surefire-common-3.2.5.pom
2025-11-25 12:13:56,717 [main] INFO  o.e.m.c.i.e.AbstractTransferListenerAdapter - Downloaded https://repo.maven.apache.org/maven2/org/apache/maven/surefire/maven-surefire-common/3.2.5/maven-surefire-common-3.2.5.pom
2025-11-25 12:13:56,752 [main] INFO  o.e.m.c.i.e.AbstractTransferListenerAdapter - Downloading https://repo.maven.apache.org/maven2/org/apache/maven/surefire/surefire-api/3.2.5/surefire-api-3.2.5.pom
2025-11-25 12:13:56,779 [main] INFO  o.e.m.c.i.e.AbstractTransferListenerAdapter - Downloaded https://repo.maven.apache.org/maven2/org/apache/maven/surefire/surefire-api/3.2.5/surefire-api-3.2.5.pom
2025-11-25 12:13:56,815 [main] INFO  o.e.m.c.i.e.AbstractTransferListenerAdapter - Downloading https://repo.maven.apache.org/maven2/org/apache/maven/surefire/surefire-logger-api/3.2.5/surefire-logger-api-3.2.5.pom
2025-11-25 12:13:56,843 [main] INFO  o.e.m.c.i.e.AbstractTransferListenerAdapter - Downloaded https://repo.maven.apache.org/maven2/org/apache/maven/surefire/surefire-logger-api/3.2.5/surefire-logger-api-3.2.5.pom
2025-11-25 12:13:56,893 [main] INFO  o.e.m.c.i.e.AbstractTransferListenerAdapter - Downloading https://repo.maven.apache.org/maven2/org/apache/maven/surefire/surefire-shared-utils/3.2.5/surefire-shared-utils-3.2.5.pom
2025-11-25 12:13:56,921 [main] INFO  o.e.m.c.i.e.AbstractTransferListenerAdapter - Downloaded https://repo.maven.apache.org/maven2/org/apache/maven/surefire/surefire-shared-utils/3.2.5/surefire-shared-utils-3.2.5.pom
2025-11-25 12:13:56,959 [main] INFO  o.e.m.c.i.e.AbstractTransferListenerAdapter - Downloading https://repo.maven.apache.org/maven2/org/apache/maven/surefire/surefire-extensions-api/3.2.5/surefire-extensions-api-3.2.5.pom
2025-11-25 12:13:56,990 [main] INFO  o.e.m.c.i.e.AbstractTransferListenerAdapter - Downloaded https://repo.maven.apache.org/maven2/org/apache/maven/surefire/surefire-extensions-api/3.2.5/surefire-extensions-api-3.2.5.pom
2025-11-25 12:13:57,030 [main] INFO  o.e.m.c.i.e.AbstractTransferListenerAdapter - Downloading https://repo.maven.apache.org/maven2/org/apache/maven/surefire/surefire-booter/3.2.5/surefire-booter-3.2.5.pom
2025-11-25 12:13:57,058 [main] INFO  o.e.m.c.i.e.AbstractTransferListenerAdapter - Downloaded https://repo.maven.apache.org/maven2/org/apache/maven/surefire/surefire-booter/3.2.5/surefire-booter-3.2.5.pom
2025-11-25 12:13:57,095 [main] INFO  o.e.m.c.i.e.AbstractTransferListenerAdapter - Downloading https://repo.maven.apache.org/maven2/org/apache/maven/surefire/surefire-extensions-spi/3.2.5/surefire-extensions-spi-3.2.5.pom
2025-11-25 12:13:57,122 [main] INFO  o.e.m.c.i.e.AbstractTransferListenerAdapter - Downloaded https://repo.maven.apache.org/maven2/org/apache/maven/surefire/surefire-extensions-spi/3.2.5/surefire-extensions-spi-3.2.5.pom
2025-11-25 12:13:57,159 [main] INFO  o.e.m.c.i.e.AbstractTransferListenerAdapter - Downloading https://repo.maven.apache.org/maven2/org/eclipse/aether/aether-util/1.0.0.v20140518/aether-util-1.0.0.v20140518.pom
2025-11-25 12:13:57,191 [main] INFO  o.e.m.c.i.e.AbstractTransferListenerAdapter - Downloaded https://repo.maven.apache.org/maven2/org/eclipse/aether/aether-util/1.0.0.v20140518/aether-util-1.0.0.v20140518.pom
2025-11-25 12:13:57,228 [main] INFO  o.e.m.c.i.e.AbstractTransferListenerAdapter - Downloading https://repo.maven.apache.org/maven2/org/eclipse/aether/aether/1.0.0.v20140518/aether-1.0.0.v20140518.pom
2025-11-25 12:13:57,269 [main] INFO  o.e.m.c.i.e.AbstractTransferListenerAdapter - Downloaded https://repo.maven.apache.org/maven2/org/eclipse/aether/aether/1.0.0.v20140518/aether-1.0.0.v20140518.pom
2025-11-25 12:13:57,324 [main] INFO  o.e.m.c.i.e.AbstractTransferListenerAdapter - Downloading https://repo.maven.apache.org/maven2/org/eclipse/aether/aether-api/1.0.0.v20140518/aether-api-1.0.0.v20140518.pom
2025-11-25 12:13:57,351 [main] INFO  o.e.m.c.i.e.AbstractTransferListenerAdapter - Downloaded https://repo.maven.apache.org/maven2/org/eclipse/aether/aether-api/1.0.0.v20140518/aether-api-1.0.0.v20140518.pom
2025-11-25 12:13:57,382 [main] INFO  o.e.m.c.i.e.AbstractTransferListenerAdapter - Downloading https://repo.maven.apache.org/maven2/org/apache/maven/shared/maven-common-artifact-filters/3.1.1/maven-common-artifact-filters-3.1.1.pom
2025-11-25 12:13:57,410 [main] INFO  o.e.m.c.i.e.AbstractTransferListenerAdapter - Downloaded https://repo.maven.apache.org/maven2/org/apache/maven/shared/maven-common-artifact-filters/3.1.1/maven-common-artifact-filters-3.1.1.pom
2025-11-25 12:13:57,458 [main] INFO  o.e.m.c.i.e.AbstractTransferListenerAdapter - Downloading https://repo.maven.apache.org/maven2/org/apache/maven/shared/maven-shared-components/34/maven-shared-components-34.pom
2025-11-25 12:13:57,485 [main] INFO  o.e.m.c.i.e.AbstractTransferListenerAdapter - Downloaded https://repo.maven.apache.org/maven2/org/apache/maven/shared/maven-shared-components/34/maven-shared-components-34.pom
2025-11-25 12:13:57,555 [main] INFO  o.e.m.c.i.e.AbstractTransferListenerAdapter - Downloading https://repo.maven.apache.org/maven2/org/apache/maven/maven-artifact/3.2.5/maven-artifact-3.2.5.pom
2025-11-25 12:13:57,582 [main] INFO  o.e.m.c.i.e.AbstractTransferListenerAdapter - Downloaded https://repo.maven.apache.org/maven2/org/apache/maven/maven-artifact/3.2.5/maven-artifact-3.2.5.pom
2025-11-25 12:13:57,612 [main] INFO  o.e.m.c.i.e.AbstractTransferListenerAdapter - Downloading https://repo.maven.apache.org/maven2/org/apache/maven/maven/3.2.5/maven-3.2.5.pom
2025-11-25 12:13:57,641 [main] INFO  o.e.m.c.i.e.AbstractTransferListenerAdapter - Downloaded https://repo.maven.apache.org/maven2/org/apache/maven/maven/3.2.5/maven-3.2.5.pom
2025-11-25 12:13:57,698 [main] INFO  o.e.m.c.i.e.AbstractTransferListenerAdapter - Downloading https://repo.maven.apache.org/maven2/org/apache/maven/maven-parent/25/maven-parent-25.pom
2025-11-25 12:13:57,727 [main] INFO  o.e.m.c.i.e.AbstractTransferListenerAdapter - Downloaded https://repo.maven.apache.org/maven2/org/apache/maven/maven-parent/25/maven-parent-25.pom
2025-11-25 12:13:57,770 [main] INFO  o.e.m.c.i.e.AbstractTransferListenerAdapter - Downloading https://repo.maven.apache.org/maven2/org/apache/apache/15/apache-15.pom
2025-11-25 12:13:57,800 [main] INFO  o.e.m.c.i.e.AbstractTransferListenerAdapter - Downloaded https://repo.maven.apache.org/maven2/org/apache/apache/15/apache-15.pom
2025-11-25 12:13:57,847 [main] INFO  o.e.m.c.i.e.AbstractTransferListenerAdapter - Downloading https://repo.maven.apache.org/maven2/org/apache/maven/maven-core/3.2.5/maven-core-3.2.5.pom
2025-11-25 12:13:57,873 [main] INFO  o.e.m.c.i.e.AbstractTransferListenerAdapter - Downloaded https://repo.maven.apache.org/maven2/org/apache/maven/maven-core/3.2.5/maven-core-3.2.5.pom
2025-11-25 12:13:57,913 [main] INFO  o.e.m.c.i.e.AbstractTransferListenerAdapter - Downloading https://repo.maven.apache.org/maven2/org/apache/maven/maven-settings/3.2.5/maven-settings-3.2.5.pom
2025-11-25 12:13:57,939 [main] INFO  o.e.m.c.i.e.AbstractTransferListenerAdapter - Downloaded https://repo.maven.apache.org/maven2/org/apache/maven/maven-settings/3.2.5/maven-settings-3.2.5.pom
2025-11-25 12:13:57,973 [main] INFO  o.e.m.c.i.e.AbstractTransferListenerAdapter - Downloading https://repo.maven.apache.org/maven2/org/apache/maven/maven-settings-builder/3.2.5/maven-settings-builder-3.2.5.pom
2025-11-25 12:13:58,000 [main] INFO  o.e.m.c.i.e.AbstractTransferListenerAdapter - Downloaded https://repo.maven.apache.org/maven2/org/apache/maven/maven-settings-builder/3.2.5/maven-settings-builder-3.2.5.pom
2025-11-25 12:13:58,036 [main] INFO  o.e.m.c.i.e.AbstractTransferListenerAdapter - Downloading https://repo.maven.apache.org/maven2/org/codehaus/plexus/plexus-interpolation/1.21/plexus-interpolation-1.21.pom
2025-11-25 12:13:58,062 [main] INFO  o.e.m.c.i.e.AbstractTransferListenerAdapter - Downloaded https://repo.maven.apache.org/maven2/org/codehaus/plexus/plexus-interpolation/1.21/plexus-interpolation-1.21.pom
2025-11-25 12:13:58,103 [main] INFO  o.e.m.c.i.e.AbstractTransferListenerAdapter - Downloading https://repo.maven.apache.org/maven2/org/codehaus/plexus/plexus-components/1.3.1/plexus-components-1.3.1.pom
2025-11-25 12:13:58,130 [main] INFO  o.e.m.c.i.e.AbstractTransferListenerAdapter - Downloaded https://repo.maven.apache.org/maven2/org/codehaus/plexus/plexus-components/1.3.1/plexus-components-1.3.1.pom
2025-11-25 12:13:58,162 [main] INFO  o.e.m.c.i.e.AbstractTransferListenerAdapter - Downloading https://repo.maven.apache.org/maven2/org/codehaus/plexus/plexus/3.3.1/plexus-3.3.1.pom
2025-11-25 12:13:58,190 [main] INFO  o.e.m.c.i.e.AbstractTransferListenerAdapter - Downloaded https://repo.maven.apache.org/maven2/org/codehaus/plexus/plexus/3.3.1/plexus-3.3.1.pom
2025-11-25 12:13:58,231 [main] INFO  o.e.m.c.i.e.AbstractTransferListenerAdapter - Downloading https://repo.maven.apache.org/maven2/org/sonatype/spice/spice-parent/17/spice-parent-17.pom
2025-11-25 12:13:58,258 [main] INFO  o.e.m.c.i.e.AbstractTransferListenerAdapter - Downloaded https://repo.maven.apache.org/maven2/org/sonatype/spice/spice-parent/17/spice-parent-17.pom
2025-11-25 12:13:58,294 [main] INFO  o.e.m.c.i.e.AbstractTransferListenerAdapter - Downloading https://repo.maven.apache.org/maven2/org/sonatype/forge/forge-parent/10/forge-parent-10.pom
2025-11-25 12:13:58,323 [main] INFO  o.e.m.c.i.e.AbstractTransferListenerAdapter - Downloaded https://repo.maven.apache.org/maven2/org/sonatype/forge/forge-parent/10/forge-parent-10.pom
2025-11-25 12:13:58,379 [main] INFO  o.e.m.c.i.e.AbstractTransferListenerAdapter - Downloading https://repo.maven.apache.org/maven2/org/codehaus/plexus/plexus-component-annotations/1.5.5/plexus-component-annotations-1.5.5.pom
2025-11-25 12:13:58,406 [main] INFO  o.e.m.c.i.e.AbstractTransferListenerAdapter - Downloaded https://repo.maven.apache.org/maven2/org/codehaus/plexus/plexus-component-annotations/1.5.5/plexus-component-annotations-1.5.5.pom
2025-11-25 12:13:58,464 [main] INFO  o.e.m.c.i.e.AbstractTransferListenerAdapter - Downloading https://repo.maven.apache.org/maven2/org/codehaus/plexus/plexus-containers/1.5.5/plexus-containers-1.5.5.pom
2025-11-25 12:13:58,490 [main] INFO  o.e.m.c.i.e.AbstractTransferListenerAdapter - Downloaded https://repo.maven.apache.org/maven2/org/codehaus/plexus/plexus-containers/1.5.5/plexus-containers-1.5.5.pom
2025-11-25 12:13:58,524 [main] INFO  o.e.m.c.i.e.AbstractTransferListenerAdapter - Downloading https://repo.maven.apache.org/maven2/org/codehaus/plexus/plexus/2.0.7/plexus-2.0.7.pom
2025-11-25 12:13:58,553 [main] INFO  o.e.m.c.i.e.AbstractTransferListenerAdapter - Downloaded https://repo.maven.apache.org/maven2/org/codehaus/plexus/plexus/2.0.7/plexus-2.0.7.pom
2025-11-25 12:13:58,600 [main] INFO  o.e.m.c.i.e.AbstractTransferListenerAdapter - Downloading https://repo.maven.apache.org/maven2/org/sonatype/plexus/plexus-sec-dispatcher/1.3/plexus-sec-dispatcher-1.3.pom
2025-11-25 12:13:58,626 [main] INFO  o.e.m.c.i.e.AbstractTransferListenerAdapter - Downloaded https://repo.maven.apache.org/maven2/org/sonatype/plexus/plexus-sec-dispatcher/1.3/plexus-sec-dispatcher-1.3.pom
2025-11-25 12:13:58,659 [main] INFO  o.e.m.c.i.e.AbstractTransferListenerAdapter - Downloading https://repo.maven.apache.org/maven2/org/sonatype/spice/spice-parent/12/spice-parent-12.pom
2025-11-25 12:13:58,685 [main] INFO  o.e.m.c.i.e.AbstractTransferListenerAdapter - Downloaded https://repo.maven.apache.org/maven2/org/sonatype/spice/spice-parent/12/spice-parent-12.pom
2025-11-25 12:13:58,717 [main] INFO  o.e.m.c.i.e.AbstractTransferListenerAdapter - Downloading https://repo.maven.apache.org/maven2/org/sonatype/forge/forge-parent/4/forge-parent-4.pom
2025-11-25 12:13:58,744 [main] INFO  o.e.m.c.i.e.AbstractTransferListenerAdapter - Downloaded https://repo.maven.apache.org/maven2/org/sonatype/forge/forge-parent/4/forge-parent-4.pom
2025-11-25 12:13:58,790 [main] INFO  o.e.m.c.i.e.AbstractTransferListenerAdapter - Downloading https://repo.maven.apache.org/maven2/org/sonatype/plexus/plexus-cipher/1.4/plexus-cipher-1.4.pom
2025-11-25 12:13:58,817 [main] INFO  o.e.m.c.i.e.AbstractTransferListenerAdapter - Downloaded https://repo.maven.apache.org/maven2/org/sonatype/plexus/plexus-cipher/1.4/plexus-cipher-1.4.pom
2025-11-25 12:13:58,850 [main] INFO  o.e.m.c.i.e.AbstractTransferListenerAdapter - Downloading https://repo.maven.apache.org/maven2/org/apache/maven/maven-repository-metadata/3.2.5/maven-repository-metadata-3.2.5.pom
2025-11-25 12:13:58,878 [main] INFO  o.e.m.c.i.e.AbstractTransferListenerAdapter - Downloaded https://repo.maven.apache.org/maven2/org/apache/maven/maven-repository-metadata/3.2.5/maven-repository-metadata-3.2.5.pom
2025-11-25 12:13:58,912 [main] INFO  o.e.m.c.i.e.AbstractTransferListenerAdapter - Downloading https://repo.maven.apache.org/maven2/org/apache/maven/maven-plugin-api/3.2.5/maven-plugin-api-3.2.5.pom
2025-11-25 12:13:58,941 [main] INFO  o.e.m.c.i.e.AbstractTransferListenerAdapter - Downloaded https://repo.maven.apache.org/maven2/org/apache/maven/maven-plugin-api/3.2.5/maven-plugin-api-3.2.5.pom
2025-11-25 12:13:58,979 [main] INFO  o.e.m.c.i.e.AbstractTransferListenerAdapter - Downloading https://repo.maven.apache.org/maven2/org/eclipse/sisu/org.eclipse.sisu.plexus/0.9.0.M2/org.eclipse.sisu.plexus-0.9.0.M2.pom
2025-11-25 12:13:59,008 [main] INFO  o.e.m.c.i.e.AbstractTransferListenerAdapter - Downloaded https://repo.maven.apache.org/maven2/org/eclipse/sisu/org.eclipse.sisu.plexus/0.9.0.M2/org.eclipse.sisu.plexus-0.9.0.M2.pom
2025-11-25 12:13:59,052 [main] INFO  o.e.m.c.i.e.AbstractTransferListenerAdapter - Downloading https://repo.maven.apache.org/maven2/org/eclipse/sisu/sisu-plexus/0.9.0.M2/sisu-plexus-0.9.0.M2.pom
2025-11-25 12:13:59,084 [main] INFO  o.e.m.c.i.e.AbstractTransferListenerAdapter - Downloaded https://repo.maven.apache.org/maven2/org/eclipse/sisu/sisu-plexus/0.9.0.M2/sisu-plexus-0.9.0.M2.pom
2025-11-25 12:13:59,150 [main] INFO  o.e.m.c.i.e.AbstractTransferListenerAdapter - Downloading https://repo.maven.apache.org/maven2/javax/annotation/javax.annotation-api/1.2/javax.annotation-api-1.2.pom
2025-11-25 12:13:59,180 [main] INFO  o.e.m.c.i.e.AbstractTransferListenerAdapter - Downloaded https://repo.maven.apache.org/maven2/javax/annotation/javax.annotation-api/1.2/javax.annotation-api-1.2.pom
2025-11-25 12:13:59,226 [main] INFO  o.e.m.c.i.e.AbstractTransferListenerAdapter - Downloading https://repo.maven.apache.org/maven2/net/java/jvnet-parent/3/jvnet-parent-3.pom
2025-11-25 12:13:59,254 [main] INFO  o.e.m.c.i.e.AbstractTransferListenerAdapter - Downloaded https://repo.maven.apache.org/maven2/net/java/jvnet-parent/3/jvnet-parent-3.pom
2025-11-25 12:13:59,290 [main] INFO  o.e.m.c.i.e.AbstractTransferListenerAdapter - Downloading https://repo.maven.apache.org/maven2/javax/enterprise/cdi-api/1.2/cdi-api-1.2.pom
2025-11-25 12:13:59,317 [main] INFO  o.e.m.c.i.e.AbstractTransferListenerAdapter - Downloaded https://repo.maven.apache.org/maven2/javax/enterprise/cdi-api/1.2/cdi-api-1.2.pom
2025-11-25 12:13:59,357 [main] INFO  o.e.m.c.i.e.AbstractTransferListenerAdapter - Downloading https://repo.maven.apache.org/maven2/org/jboss/weld/weld-parent/26/weld-parent-26.pom
2025-11-25 12:13:59,386 [main] INFO  o.e.m.c.i.e.AbstractTransferListenerAdapter - Downloaded https://repo.maven.apache.org/maven2/org/jboss/weld/weld-parent/26/weld-parent-26.pom
2025-11-25 12:13:59,449 [main] INFO  o.e.m.c.i.e.AbstractTransferListenerAdapter - Downloading https://repo.maven.apache.org/maven2/org/eclipse/sisu/org.eclipse.sisu.inject/0.9.0.M2/org.eclipse.sisu.inject-0.9.0.M2.pom
2025-11-25 12:13:59,477 [main] INFO  o.e.m.c.i.e.AbstractTransferListenerAdapter - Downloaded https://repo.maven.apache.org/maven2/org/eclipse/sisu/org.eclipse.sisu.inject/0.9.0.M2/org.eclipse.sisu.inject-0.9.0.M2.pom
2025-11-25 12:13:59,529 [main] INFO  o.e.m.c.i.e.AbstractTransferListenerAdapter - Downloading https://repo.maven.apache.org/maven2/org/eclipse/sisu/sisu-inject/0.9.0.M2/sisu-inject-0.9.0.M2.pom
2025-11-25 12:13:59,562 [main] INFO  o.e.m.c.i.e.AbstractTransferListenerAdapter - Downloaded https://repo.maven.apache.org/maven2/org/eclipse/sisu/sisu-inject/0.9.0.M2/sisu-inject-0.9.0.M2.pom
2025-11-25 12:13:59,614 [main] INFO  o.e.m.c.i.e.AbstractTransferListenerAdapter - Downloading https://repo.maven.apache.org/maven2/org/codehaus/plexus/plexus-component-annotations/2.1.0/plexus-component-annotations-2.1.0.pom
2025-11-25 12:13:59,641 [main] INFO  o.e.m.c.i.e.AbstractTransferListenerAdapter - Downloaded https://repo.maven.apache.org/maven2/org/codehaus/plexus/plexus-component-annotations/2.1.0/plexus-component-annotations-2.1.0.pom
2025-11-25 12:13:59,677 [main] INFO  o.e.m.c.i.e.AbstractTransferListenerAdapter - Downloading https://repo.maven.apache.org/maven2/org/codehaus/plexus/plexus-containers/2.1.0/plexus-containers-2.1.0.pom
2025-11-25 12:13:59,703 [main] INFO  o.e.m.c.i.e.AbstractTransferListenerAdapter - Downloaded https://repo.maven.apache.org/maven2/org/codehaus/plexus/plexus-containers/2.1.0/plexus-containers-2.1.0.pom
2025-11-25 12:13:59,743 [main] INFO  o.e.m.c.i.e.AbstractTransferListenerAdapter - Downloading https://repo.maven.apache.org/maven2/org/codehaus/plexus/plexus-classworlds/2.6.0/plexus-classworlds-2.6.0.pom
2025-11-25 12:13:59,770 [main] INFO  o.e.m.c.i.e.AbstractTransferListenerAdapter - Downloaded https://repo.maven.apache.org/maven2/org/codehaus/plexus/plexus-classworlds/2.6.0/plexus-classworlds-2.6.0.pom
2025-11-25 12:13:59,818 [main] INFO  o.e.m.c.i.e.AbstractTransferListenerAdapter - Downloading https://repo.maven.apache.org/maven2/org/apache/maven/maven-model-builder/3.2.5/maven-model-builder-3.2.5.pom
2025-11-25 12:13:59,846 [main] INFO  o.e.m.c.i.e.AbstractTransferListenerAdapter - Downloaded https://repo.maven.apache.org/maven2/org/apache/maven/maven-model-builder/3.2.5/maven-model-builder-3.2.5.pom
2025-11-25 12:13:59,888 [main] INFO  o.e.m.c.i.e.AbstractTransferListenerAdapter - Downloading https://repo.maven.apache.org/maven2/org/apache/maven/maven-aether-provider/3.2.5/maven-aether-provider-3.2.5.pom
2025-11-25 12:13:59,916 [main] INFO  o.e.m.c.i.e.AbstractTransferListenerAdapter - Downloaded https://repo.maven.apache.org/maven2/org/apache/maven/maven-aether-provider/3.2.5/maven-aether-provider-3.2.5.pom
2025-11-25 12:13:59,951 [main] INFO  o.e.m.c.i.e.AbstractTransferListenerAdapter - Downloading https://repo.maven.apache.org/maven2/org/eclipse/aether/aether-spi/1.0.0.v20140518/aether-spi-1.0.0.v20140518.pom
2025-11-25 12:13:59,979 [main] INFO  o.e.m.c.i.e.AbstractTransferListenerAdapter - Downloaded https://repo.maven.apache.org/maven2/org/eclipse/aether/aether-spi/1.0.0.v20140518/aether-spi-1.0.0.v20140518.pom
2025-11-25 12:14:00,027 [main] INFO  o.e.m.c.i.e.AbstractTransferListenerAdapter - Downloading https://repo.maven.apache.org/maven2/org/eclipse/aether/aether-impl/1.0.0.v20140518/aether-impl-1.0.0.v20140518.pom
2025-11-25 12:14:00,054 [main] INFO  o.e.m.c.i.e.AbstractTransferListenerAdapter - Downloaded https://repo.maven.apache.org/maven2/org/eclipse/aether/aether-impl/1.0.0.v20140518/aether-impl-1.0.0.v20140518.pom
2025-11-25 12:14:00,087 [main] INFO  o.e.m.c.i.e.AbstractTransferListenerAdapter - Downloading https://repo.maven.apache.org/maven2/org/sonatype/sisu/sisu-guice/3.2.3/sisu-guice-3.2.3.pom
2025-11-25 12:14:00,117 [main] INFO  o.e.m.c.i.e.AbstractTransferListenerAdapter - Downloaded https://repo.maven.apache.org/maven2/org/sonatype/sisu/sisu-guice/3.2.3/sisu-guice-3.2.3.pom
2025-11-25 12:14:00,168 [main] INFO  o.e.m.c.i.e.AbstractTransferListenerAdapter - Downloading https://repo.maven.apache.org/maven2/org/sonatype/sisu/inject/guice-parent/3.2.3/guice-parent-3.2.3.pom
2025-11-25 12:14:00,201 [main] INFO  o.e.m.c.i.e.AbstractTransferListenerAdapter - Downloaded https://repo.maven.apache.org/maven2/org/sonatype/sisu/inject/guice-parent/3.2.3/guice-parent-3.2.3.pom
2025-11-25 12:14:00,242 [main] INFO  o.e.m.c.i.e.AbstractTransferListenerAdapter - Downloading https://repo.maven.apache.org/maven2/org/sonatype/forge/forge-parent/38/forge-parent-38.pom
2025-11-25 12:14:00,274 [main] INFO  o.e.m.c.i.e.AbstractTransferListenerAdapter - Downloaded https://repo.maven.apache.org/maven2/org/sonatype/forge/forge-parent/38/forge-parent-38.pom
2025-11-25 12:14:00,319 [main] INFO  o.e.m.c.i.e.AbstractTransferListenerAdapter - Downloading https://repo.maven.apache.org/maven2/aopalliance/aopalliance/1.0/aopalliance-1.0.pom
2025-11-25 12:14:00,343 [main] INFO  o.e.m.c.i.e.AbstractTransferListenerAdapter - Downloaded https://repo.maven.apache.org/maven2/aopalliance/aopalliance/1.0/aopalliance-1.0.pom
2025-11-25 12:14:00,392 [main] INFO  o.e.m.c.i.e.AbstractTransferListenerAdapter - Downloading https://repo.maven.apache.org/maven2/com/google/guava/guava/16.0.1/guava-16.0.1.pom
2025-11-25 12:14:00,422 [main] INFO  o.e.m.c.i.e.AbstractTransferListenerAdapter - Downloaded https://repo.maven.apache.org/maven2/com/google/guava/guava/16.0.1/guava-16.0.1.pom
2025-11-25 12:14:00,471 [main] INFO  o.e.m.c.i.e.AbstractTransferListenerAdapter - Downloading https://repo.maven.apache.org/maven2/com/google/guava/guava-parent/16.0.1/guava-parent-16.0.1.pom
2025-11-25 12:14:00,500 [main] INFO  o.e.m.c.i.e.AbstractTransferListenerAdapter - Downloaded https://repo.maven.apache.org/maven2/com/google/guava/guava-parent/16.0.1/guava-parent-16.0.1.pom
2025-11-25 12:14:00,535 [main] INFO  o.e.m.c.i.e.AbstractTransferListenerAdapter - Downloading https://repo.maven.apache.org/maven2/org/sonatype/oss/oss-parent/7/oss-parent-7.pom
2025-11-25 12:14:00,564 [main] INFO  o.e.m.c.i.e.AbstractTransferListenerAdapter - Downloaded https://repo.maven.apache.org/maven2/org/sonatype/oss/oss-parent/7/oss-parent-7.pom
2025-11-25 12:14:00,598 [main] INFO  o.e.m.c.i.e.AbstractTransferListenerAdapter - Downloading https://repo.maven.apache.org/maven2/org/codehaus/plexus/plexus-classworlds/2.5.2/plexus-classworlds-2.5.2.pom
2025-11-25 12:14:00,624 [main] INFO  o.e.m.c.i.e.AbstractTransferListenerAdapter - Downloaded https://repo.maven.apache.org/maven2/org/codehaus/plexus/plexus-classworlds/2.5.2/plexus-classworlds-2.5.2.pom
2025-11-25 12:14:00,659 [main] INFO  o.e.m.c.i.e.AbstractTransferListenerAdapter - Downloading https://repo.maven.apache.org/maven2/commons-io/commons-io/2.15.1/commons-io-2.15.1.pom
2025-11-25 12:14:00,688 [main] INFO  o.e.m.c.i.e.AbstractTransferListenerAdapter - Downloaded https://repo.maven.apache.org/maven2/commons-io/commons-io/2.15.1/commons-io-2.15.1.pom
2025-11-25 12:14:00,727 [main] INFO  o.e.m.c.i.e.AbstractTransferListenerAdapter - Downloading https://repo.maven.apache.org/maven2/org/apache/commons/commons-parent/65/commons-parent-65.pom
2025-11-25 12:14:00,788 [main] INFO  o.e.m.c.i.e.AbstractTransferListenerAdapter - Downloaded https://repo.maven.apache.org/maven2/org/apache/commons/commons-parent/65/commons-parent-65.pom
2025-11-25 12:14:00,866 [main] INFO  o.e.m.c.i.e.AbstractTransferListenerAdapter - Downloading https://repo.maven.apache.org/maven2/org/apache/maven/surefire/maven-surefire-common/3.2.5/maven-surefire-common-3.2.5.jar
2025-11-25 12:14:01,078 [main] INFO  o.e.m.c.i.e.AbstractTransferListenerAdapter - Downloaded https://repo.maven.apache.org/maven2/org/apache/maven/surefire/maven-surefire-common/3.2.5/maven-surefire-common-3.2.5.jar
2025-11-25 12:14:01,121 [BasicRepositoryConnector-repo.maven.apache.org-3-2] INFO  o.e.m.c.i.e.AbstractTransferListenerAdapter - Downloading https://repo.maven.apache.org/maven2/org/apache/maven/surefire/surefire-extensions-api/3.2.5/surefire-extensions-api-3.2.5.jar
2025-11-25 12:14:01,162 [BasicRepositoryConnector-repo.maven.apache.org-3-3] INFO  o.e.m.c.i.e.AbstractTransferListenerAdapter - Downloading https://repo.maven.apache.org/maven2/org/apache/maven/surefire/surefire-booter/3.2.5/surefire-booter-3.2.5.jar
2025-11-25 12:14:01,207 [BasicRepositoryConnector-repo.maven.apache.org-3-1] INFO  o.e.m.c.i.e.AbstractTransferListenerAdapter - Downloading https://repo.maven.apache.org/maven2/org/apache/maven/surefire/surefire-logger-api/3.2.5/surefire-logger-api-3.2.5.jar
2025-11-25 12:14:01,207 [BasicRepositoryConnector-repo.maven.apache.org-3-0] INFO  o.e.m.c.i.e.AbstractTransferListenerAdapter - Downloading https://repo.maven.apache.org/maven2/org/apache/maven/surefire/surefire-api/3.2.5/surefire-api-3.2.5.jar
2025-11-25 12:14:01,235 [BasicRepositoryConnector-repo.maven.apache.org-3-4] INFO  o.e.m.c.i.e.AbstractTransferListenerAdapter - Downloading https://repo.maven.apache.org/maven2/org/apache/maven/surefire/surefire-extensions-spi/3.2.5/surefire-extensions-spi-3.2.5.jar
2025-11-25 12:14:01,288 [BasicRepositoryConnector-repo.maven.apache.org-3-3] INFO  o.e.m.c.i.e.AbstractTransferListenerAdapter - Downloaded https://repo.maven.apache.org/maven2/org/apache/maven/surefire/surefire-booter/3.2.5/surefire-booter-3.2.5.jar
2025-11-25 12:14:01,340 [BasicRepositoryConnector-repo.maven.apache.org-3-4] INFO  o.e.m.c.i.e.AbstractTransferListenerAdapter - Downloaded https://repo.maven.apache.org/maven2/org/apache/maven/surefire/surefire-extensions-spi/3.2.5/surefire-extensions-spi-3.2.5.jar
2025-11-25 12:14:01,346 [BasicRepositoryConnector-repo.maven.apache.org-3-3] INFO  o.e.m.c.i.e.AbstractTransferListenerAdapter - Downloading https://repo.maven.apache.org/maven2/org/eclipse/aether/aether-util/1.0.0.v20140518/aether-util-1.0.0.v20140518.jar
2025-11-25 12:14:01,350 [BasicRepositoryConnector-repo.maven.apache.org-3-0] INFO  o.e.m.c.i.e.AbstractTransferListenerAdapter - Downloaded https://repo.maven.apache.org/maven2/org/apache/maven/surefire/surefire-api/3.2.5/surefire-api-3.2.5.jar
2025-11-25 12:14:01,410 [BasicRepositoryConnector-repo.maven.apache.org-3-4] INFO  o.e.m.c.i.e.AbstractTransferListenerAdapter - Downloading https://repo.maven.apache.org/maven2/org/eclipse/aether/aether-api/1.0.0.v20140518/aether-api-1.0.0.v20140518.jar
2025-11-25 12:14:01,446 [BasicRepositoryConnector-repo.maven.apache.org-3-3] INFO  o.e.m.c.i.e.AbstractTransferListenerAdapter - Downloaded https://repo.maven.apache.org/maven2/org/eclipse/aether/aether-util/1.0.0.v20140518/aether-util-1.0.0.v20140518.jar
2025-11-25 12:14:01,481 [BasicRepositoryConnector-repo.maven.apache.org-3-0] INFO  o.e.m.c.i.e.AbstractTransferListenerAdapter - Downloading https://repo.maven.apache.org/maven2/org/apache/maven/shared/maven-common-artifact-filters/3.1.1/maven-common-artifact-filters-3.1.1.jar
2025-11-25 12:14:01,482 [BasicRepositoryConnector-repo.maven.apache.org-3-1] INFO  o.e.m.c.i.e.AbstractTransferListenerAdapter - Downloaded https://repo.maven.apache.org/maven2/org/apache/maven/surefire/surefire-logger-api/3.2.5/surefire-logger-api-3.2.5.jar
2025-11-25 12:14:01,513 [BasicRepositoryConnector-repo.maven.apache.org-3-3] INFO  o.e.m.c.i.e.AbstractTransferListenerAdapter - Downloading https://repo.maven.apache.org/maven2/commons-io/commons-io/2.15.1/commons-io-2.15.1.jar
2025-11-25 12:14:01,518 [BasicRepositoryConnector-repo.maven.apache.org-3-4] INFO  o.e.m.c.i.e.AbstractTransferListenerAdapter - Downloaded https://repo.maven.apache.org/maven2/org/eclipse/aether/aether-api/1.0.0.v20140518/aether-api-1.0.0.v20140518.jar
2025-11-25 12:14:01,544 [BasicRepositoryConnector-repo.maven.apache.org-3-0] INFO  o.e.m.c.i.e.AbstractTransferListenerAdapter - Downloaded https://repo.maven.apache.org/maven2/org/apache/maven/shared/maven-common-artifact-filters/3.1.1/maven-common-artifact-filters-3.1.1.jar
2025-11-25 12:14:01,565 [BasicRepositoryConnector-repo.maven.apache.org-3-1] INFO  o.e.m.c.i.e.AbstractTransferListenerAdapter - Downloading https://repo.maven.apache.org/maven2/org/apache/maven/surefire/surefire-shared-utils/3.2.5/surefire-shared-utils-3.2.5.jar
2025-11-25 12:14:01,632 [BasicRepositoryConnector-repo.maven.apache.org-3-2] INFO  o.e.m.c.i.e.AbstractTransferListenerAdapter - Downloaded https://repo.maven.apache.org/maven2/org/apache/maven/surefire/surefire-extensions-api/3.2.5/surefire-extensions-api-3.2.5.jar
2025-11-25 12:14:01,776 [BasicRepositoryConnector-repo.maven.apache.org-3-3] INFO  o.e.m.c.i.e.AbstractTransferListenerAdapter - Downloaded https://repo.maven.apache.org/maven2/commons-io/commons-io/2.15.1/commons-io-2.15.1.jar
2025-11-25 12:14:02,339 [BasicRepositoryConnector-repo.maven.apache.org-3-1] INFO  o.e.m.c.i.e.AbstractTransferListenerAdapter - Downloaded https://repo.maven.apache.org/maven2/org/apache/maven/surefire/surefire-shared-utils/3.2.5/surefire-shared-utils-3.2.5.jar
2025-11-25 12:18:34,619 [Worker-29: Building] INFO  o.e.m.c.i.l.LifecycleMappingFactory - Using org.eclipse.m2e.jdt.JarLifecycleMapping lifecycle mapping for MavenProject: com.krakedev:ejemploMaven:1.0.0 @ C:\Users\hel21\Desktop\programacion\java\ejemploMaven\pom.xml.
2025-11-25 12:18:34,677 [Worker-29: Building] INFO  o.e.m.c.i.e.AbstractTransferListenerAdapter - Downloading https://repo.maven.apache.org/maven2/org/apache/logging/log4j/log4j-api/2.3.2/log4j-api-2.3.2.pom
2025-11-25 12:18:34,709 [Worker-29: Building] INFO  o.e.m.c.i.e.AbstractTransferListenerAdapter - Downloaded https://repo.maven.apache.org/maven2/org/apache/logging/log4j/log4j-api/2.3.2/log4j-api-2.3.2.pom
2025-11-25 12:18:34,746 [Worker-29: Building] INFO  o.e.m.c.i.e.AbstractTransferListenerAdapter - Downloading https://repo.maven.apache.org/maven2/org/apache/logging/log4j/log4j/2.3.2/log4j-2.3.2.pom
2025-11-25 12:18:34,778 [Worker-29: Building] INFO  o.e.m.c.i.e.AbstractTransferListenerAdapter - Downloaded https://repo.maven.apache.org/maven2/org/apache/logging/log4j/log4j/2.3.2/log4j-2.3.2.pom
2025-11-25 12:18:34,822 [Worker-29: Building] INFO  o.e.m.c.i.e.AbstractTransferListenerAdapter - Downloading https://repo.maven.apache.org/maven2/org/apache/apache/9/apache-9.pom
2025-11-25 12:18:34,851 [Worker-29: Building] INFO  o.e.m.c.i.e.AbstractTransferListenerAdapter - Downloaded https://repo.maven.apache.org/maven2/org/apache/apache/9/apache-9.pom
2025-11-25 12:18:34,895 [Worker-29: Building] INFO  o.e.m.c.i.e.AbstractTransferListenerAdapter - Downloading https://repo.maven.apache.org/maven2/org/apache/logging/log4j/log4j-core/2.3.2/log4j-core-2.3.2.pom
2025-11-25 12:18:34,923 [Worker-29: Building] INFO  o.e.m.c.i.e.AbstractTransferListenerAdapter - Downloaded https://repo.maven.apache.org/maven2/org/apache/logging/log4j/log4j-core/2.3.2/log4j-core-2.3.2.pom
2025-11-25 12:18:34,972 [Worker-29: Building] INFO  o.e.m.c.i.e.AbstractTransferListenerAdapter - Downloading https://repo.maven.apache.org/maven2/org/apache/logging/log4j/log4j-api/2.3.2/log4j-api-2.3.2.jar
2025-11-25 12:18:35,042 [Worker-29: Building] INFO  o.e.m.c.i.e.AbstractTransferListenerAdapter - Downloaded https://repo.maven.apache.org/maven2/org/apache/logging/log4j/log4j-api/2.3.2/log4j-api-2.3.2.jar
2025-11-25 12:18:35,076 [BasicRepositoryConnector-repo.maven.apache.org-4-0] INFO  o.e.m.c.i.e.AbstractTransferListenerAdapter - Downloading https://repo.maven.apache.org/maven2/org/apache/logging/log4j/log4j-core/2.3.2/log4j-core-2.3.2.jar
2025-11-25 12:18:35,376 [BasicRepositoryConnector-repo.maven.apache.org-4-0] INFO  o.e.m.c.i.e.AbstractTransferListenerAdapter - Downloaded https://repo.maven.apache.org/maven2/org/apache/logging/log4j/log4j-core/2.3.2/log4j-core-2.3.2.jar
2025-11-25 12:18:35,486 [Worker-29: Building] INFO  o.a.m.s.f.DefaultMavenResourcesFiltering - skip non existing resourceDirectory C:\Users\hel21\Desktop\programacion\java\ejemploMaven\src\main\resources
2025-11-25 12:18:35,490 [Worker-29: Building] INFO  o.a.m.s.f.DefaultMavenResourcesFiltering - skip non existing resourceDirectory C:\Users\hel21\Desktop\programacion\java\ejemploMaven\src\test\resources
2025-11-25 12:18:35,686 [Worker-29: Building] WARN  o.apache.maven.project.MavenProject - Direct modification of compileSourceRoots through clear() is deprecated and will not work in Maven 4.0.0. Please use the add/remove methods instead. If you're using a plugin that causes this warning, please upgrade to the latest version and report an issue if the warning persists. To disable these warnings, set -Dmaven.project.sourceRoots.warningsDisabled=true on the command line, in the .mvn/maven.config file, or in project POM properties.
2025-11-25 12:18:35,687 [Worker-29: Building] WARN  o.apache.maven.project.MavenProject - Direct modification of compileSourceRoots through add() is deprecated and will not work in Maven 4.0.0. Please use the add/remove methods instead. If you're using a plugin that causes this warning, please upgrade to the latest version and report an issue if the warning persists. To disable these warnings, set -Dmaven.project.sourceRoots.warningsDisabled=true on the command line, in the .mvn/maven.config file, or in project POM properties.
2025-11-25 12:18:35,688 [Worker-29: Building] WARN  o.apache.maven.project.MavenProject - Direct modification of testCompileSourceRoots through clear() is deprecated and will not work in Maven 4.0.0. Please use the add/remove methods instead. If you're using a plugin that causes this warning, please upgrade to the latest version and report an issue if the warning persists. To disable these warnings, set -Dmaven.project.sourceRoots.warningsDisabled=true on the command line, in the .mvn/maven.config file, or in project POM properties.
2025-11-25 12:18:35,688 [Worker-29: Building] WARN  o.apache.maven.project.MavenProject - Direct modification of testCompileSourceRoots through add() is deprecated and will not work in Maven 4.0.0. Please use the add/remove methods instead. If you're using a plugin that causes this warning, please upgrade to the latest version and report an issue if the warning persists. To disable these warnings, set -Dmaven.project.sourceRoots.warningsDisabled=true on the command line, in the .mvn/maven.config file, or in project POM properties.
2025-11-25 12:18:36,475 [Worker-33: Download sources and javadoc] INFO  o.e.m.c.i.e.AbstractTransferListenerAdapter - Downloading https://repo.maven.apache.org/maven2/org/apache/logging/log4j/log4j-api/2.3.2/log4j-api-2.3.2-sources.jar
2025-11-25 12:18:36,560 [Worker-33: Download sources and javadoc] INFO  o.e.m.c.i.e.AbstractTransferListenerAdapter - Downloaded https://repo.maven.apache.org/maven2/org/apache/logging/log4j/log4j-api/2.3.2/log4j-api-2.3.2-sources.jar
2025-11-25 12:18:36,566 [Worker-33: Download sources and javadoc] INFO  o.e.m.j.internal.DownloadSourcesJob - Downloaded sources for org.apache.logging.log4j:log4j-api:2.3.2
2025-11-25 12:18:36,623 [Worker-33: Download sources and javadoc] INFO  o.e.m.c.i.e.AbstractTransferListenerAdapter - Downloading https://repo.maven.apache.org/maven2/org/apache/logging/log4j/log4j-core/2.3.2/log4j-core-2.3.2-sources.jar
2025-11-25 12:18:36,848 [Worker-33: Download sources and javadoc] INFO  o.e.m.c.i.e.AbstractTransferListenerAdapter - Downloaded https://repo.maven.apache.org/maven2/org/apache/logging/log4j/log4j-core/2.3.2/log4j-core-2.3.2-sources.jar
2025-11-25 12:18:36,853 [Worker-33: Download sources and javadoc] INFO  o.e.m.j.internal.DownloadSourcesJob - Downloaded sources for org.apache.logging.log4j:log4j-core:2.3.2
2025-11-25 12:18:37,030 [Worker-29: Building] INFO  o.a.m.s.f.DefaultMavenResourcesFiltering - skip non existing resourceDirectory C:\Users\hel21\Desktop\programacion\java\ejemploMaven\src\main\resources
2025-11-25 12:18:37,032 [Worker-29: Building] INFO  o.a.m.s.f.DefaultMavenResourcesFiltering - skip non existing resourceDirectory C:\Users\hel21\Desktop\programacion\java\ejemploMaven\src\test\resources
2025-11-25 12:18:37,043 [Worker-29: Building] WARN  o.apache.maven.project.MavenProject - Direct modification of compileSourceRoots through clear() is deprecated and will not work in Maven 4.0.0. Please use the add/remove methods instead. If you're using a plugin that causes this warning, please upgrade to the latest version and report an issue if the warning persists. To disable these warnings, set -Dmaven.project.sourceRoots.warningsDisabled=true on the command line, in the .mvn/maven.config file, or in project POM properties.
2025-11-25 12:18:37,044 [Worker-29: Building] WARN  o.apache.maven.project.MavenProject - Direct modification of compileSourceRoots through add() is deprecated and will not work in Maven 4.0.0. Please use the add/remove methods instead. If you're using a plugin that causes this warning, please upgrade to the latest version and report an issue if the warning persists. To disable these warnings, set -Dmaven.project.sourceRoots.warningsDisabled=true on the command line, in the .mvn/maven.config file, or in project POM properties.
2025-11-25 12:18:37,045 [Worker-29: Building] WARN  o.apache.maven.project.MavenProject - Direct modification of testCompileSourceRoots through clear() is deprecated and will not work in Maven 4.0.0. Please use the add/remove methods instead. If you're using a plugin that causes this warning, please upgrade to the latest version and report an issue if the warning persists. To disable these warnings, set -Dmaven.project.sourceRoots.warningsDisabled=true on the command line, in the .mvn/maven.config file, or in project POM properties.
2025-11-25 12:18:37,046 [Worker-29: Building] WARN  o.apache.maven.project.MavenProject - Direct modification of testCompileSourceRoots through add() is deprecated and will not work in Maven 4.0.0. Please use the add/remove methods instead. If you're using a plugin that causes this warning, please upgrade to the latest version and report an issue if the warning persists. To disable these warnings, set -Dmaven.project.sourceRoots.warningsDisabled=true on the command line, in the .mvn/maven.config file, or in project POM properties.
2025-11-25 12:19:28,737 [Worker-29: Building] INFO  o.e.m.c.i.l.LifecycleMappingFactory - Using org.eclipse.m2e.jdt.JarLifecycleMapping lifecycle mapping for MavenProject: com.krakedev:ejemploMaven:1.0.0 @ C:\Users\hel21\Desktop\programacion\java\ejemploMaven\pom.xml.
2025-11-25 12:19:28,858 [Worker-29: Building] INFO  o.a.m.s.f.DefaultMavenResourcesFiltering - skip non existing resourceDirectory C:\Users\hel21\Desktop\programacion\java\ejemploMaven\src\main\resources
2025-11-25 12:19:28,861 [Worker-29: Building] INFO  o.a.m.s.f.DefaultMavenResourcesFiltering - skip non existing resourceDirectory C:\Users\hel21\Desktop\programacion\java\ejemploMaven\src\test\resources
2025-11-25 12:19:29,062 [Worker-29: Building] WARN  o.apache.maven.project.MavenProject - Direct modification of compileSourceRoots through clear() is deprecated and will not work in Maven 4.0.0. Please use the add/remove methods instead. If you're using a plugin that causes this warning, please upgrade to the latest version and report an issue if the warning persists. To disable these warnings, set -Dmaven.project.sourceRoots.warningsDisabled=true on the command line, in the .mvn/maven.config file, or in project POM properties.
2025-11-25 12:19:29,062 [Worker-29: Building] WARN  o.apache.maven.project.MavenProject - Direct modification of compileSourceRoots through add() is deprecated and will not work in Maven 4.0.0. Please use the add/remove methods instead. If you're using a plugin that causes this warning, please upgrade to the latest version and report an issue if the warning persists. To disable these warnings, set -Dmaven.project.sourceRoots.warningsDisabled=true on the command line, in the .mvn/maven.config file, or in project POM properties.
2025-11-25 12:19:29,063 [Worker-29: Building] WARN  o.apache.maven.project.MavenProject - Direct modification of testCompileSourceRoots through clear() is deprecated and will not work in Maven 4.0.0. Please use the add/remove methods instead. If you're using a plugin that causes this warning, please upgrade to the latest version and report an issue if the warning persists. To disable these warnings, set -Dmaven.project.sourceRoots.warningsDisabled=true on the command line, in the .mvn/maven.config file, or in project POM properties.
2025-11-25 12:19:29,065 [Worker-29: Building] WARN  o.apache.maven.project.MavenProject - Direct modification of testCompileSourceRoots through add() is deprecated and will not work in Maven 4.0.0. Please use the add/remove methods instead. If you're using a plugin that causes this warning, please upgrade to the latest version and report an issue if the warning persists. To disable these warnings, set -Dmaven.project.sourceRoots.warningsDisabled=true on the command line, in the .mvn/maven.config file, or in project POM properties.
2025-11-25 12:20:05,654 [Worker-26: Launching Executing install in C__Users_hel21_Desktop_programacion_java_ejemploMaven] INFO  o.eclipse.m2e.core.internal.Bundles - getClasspathEntries(Bundle=org.eclipse.m2e.maven.runtime_3.9.1100.20250811-2018 [639])
2025-11-25 12:20:05,655 [Worker-26: Launching Executing install in C__Users_hel21_Desktop_programacion_java_ejemploMaven] INFO  o.eclipse.m2e.core.internal.Bundles - 	Entry: C:\Users\hel21\.p2\pool\plugins\org.eclipse.m2e.maven.runtime_3.9.1100.20250811-2018
2025-11-25 12:20:05,655 [Worker-26: Launching Executing install in C__Users_hel21_Desktop_programacion_java_ejemploMaven] INFO  o.eclipse.m2e.core.internal.Bundles - 	Entry: C:\Users\hel21\.p2\pool\plugins\org.eclipse.m2e.maven.runtime_3.9.1100.20250811-2018\jars\aopalliance-1.0.jar
2025-11-25 12:20:05,656 [Worker-26: Launching Executing install in C__Users_hel21_Desktop_programacion_java_ejemploMaven] INFO  o.eclipse.m2e.core.internal.Bundles - 	Entry: C:\Users\hel21\.p2\pool\plugins\org.eclipse.m2e.maven.runtime_3.9.1100.20250811-2018\jars\asm-9.8.jar
2025-11-25 12:20:05,656 [Worker-26: Launching Executing install in C__Users_hel21_Desktop_programacion_java_ejemploMaven] INFO  o.eclipse.m2e.core.internal.Bundles - 	Entry: C:\Users\hel21\.p2\pool\plugins\org.eclipse.m2e.maven.runtime_3.9.1100.20250811-2018\jars\error_prone_annotations-2.38.0.jar
2025-11-25 12:20:05,656 [Worker-26: Launching Executing install in C__Users_hel21_Desktop_programacion_java_ejemploMaven] INFO  o.eclipse.m2e.core.internal.Bundles - 	Entry: C:\Users\hel21\.p2\pool\plugins\org.eclipse.m2e.maven.runtime_3.9.1100.20250811-2018\jars\gson-2.13.1.jar
2025-11-25 12:20:05,656 [Worker-26: Launching Executing install in C__Users_hel21_Desktop_programacion_java_ejemploMaven] INFO  o.eclipse.m2e.core.internal.Bundles - 	Entry: C:\Users\hel21\.p2\pool\plugins\org.eclipse.m2e.maven.runtime_3.9.1100.20250811-2018\jars\guice-5.1.0-classes.jar
2025-11-25 12:20:05,656 [Worker-26: Launching Executing install in C__Users_hel21_Desktop_programacion_java_ejemploMaven] INFO  o.eclipse.m2e.core.internal.Bundles - 	Entry: C:\Users\hel21\.p2\pool\plugins\org.eclipse.m2e.maven.runtime_3.9.1100.20250811-2018\jars\httpclient-4.5.14.jar
2025-11-25 12:20:05,656 [Worker-26: Launching Executing install in C__Users_hel21_Desktop_programacion_java_ejemploMaven] INFO  o.eclipse.m2e.core.internal.Bundles - 	Entry: C:\Users\hel21\.p2\pool\plugins\org.eclipse.m2e.maven.runtime_3.9.1100.20250811-2018\jars\httpcore-4.4.16.jar
2025-11-25 12:20:05,656 [Worker-26: Launching Executing install in C__Users_hel21_Desktop_programacion_java_ejemploMaven] INFO  o.eclipse.m2e.core.internal.Bundles - 	Entry: C:\Users\hel21\.p2\pool\plugins\org.eclipse.m2e.maven.runtime_3.9.1100.20250811-2018\jars\jansi-2.4.2.jar
2025-11-25 12:20:05,656 [Worker-26: Launching Executing install in C__Users_hel21_Desktop_programacion_java_ejemploMaven] INFO  o.eclipse.m2e.core.internal.Bundles - 	Entry: C:\Users\hel21\.p2\pool\plugins\org.eclipse.m2e.maven.runtime_3.9.1100.20250811-2018\jars\jcl-over-slf4j-1.7.36.jar
2025-11-25 12:20:05,656 [Worker-26: Launching Executing install in C__Users_hel21_Desktop_programacion_java_ejemploMaven] INFO  o.eclipse.m2e.core.internal.Bundles - 	Entry: C:\Users\hel21\.p2\pool\plugins\org.eclipse.m2e.maven.runtime_3.9.1100.20250811-2018\jars\maven-artifact-3.9.11.jar
2025-11-25 12:20:05,656 [Worker-26: Launching Executing install in C__Users_hel21_Desktop_programacion_java_ejemploMaven] INFO  o.eclipse.m2e.core.internal.Bundles - 	Entry: C:\Users\hel21\.p2\pool\plugins\org.eclipse.m2e.maven.runtime_3.9.1100.20250811-2018\jars\maven-builder-support-3.9.11.jar
2025-11-25 12:20:05,656 [Worker-26: Launching Executing install in C__Users_hel21_Desktop_programacion_java_ejemploMaven] INFO  o.eclipse.m2e.core.internal.Bundles - 	Entry: C:\Users\hel21\.p2\pool\plugins\org.eclipse.m2e.maven.runtime_3.9.1100.20250811-2018\jars\maven-compat-3.9.11.jar
2025-11-25 12:20:05,657 [Worker-26: Launching Executing install in C__Users_hel21_Desktop_programacion_java_ejemploMaven] INFO  o.eclipse.m2e.core.internal.Bundles - 	Entry: C:\Users\hel21\.p2\pool\plugins\org.eclipse.m2e.maven.runtime_3.9.1100.20250811-2018\jars\maven-core-3.9.11.jar
2025-11-25 12:20:05,657 [Worker-26: Launching Executing install in C__Users_hel21_Desktop_programacion_java_ejemploMaven] INFO  o.eclipse.m2e.core.internal.Bundles - 	Entry: C:\Users\hel21\.p2\pool\plugins\org.eclipse.m2e.maven.runtime_3.9.1100.20250811-2018\jars\maven-embedder-3.9.11.jar
2025-11-25 12:20:05,657 [Worker-26: Launching Executing install in C__Users_hel21_Desktop_programacion_java_ejemploMaven] INFO  o.eclipse.m2e.core.internal.Bundles - 	Entry: C:\Users\hel21\.p2\pool\plugins\org.eclipse.m2e.maven.runtime_3.9.1100.20250811-2018\jars\maven-model-3.9.11.jar
2025-11-25 12:20:05,657 [Worker-26: Launching Executing install in C__Users_hel21_Desktop_programacion_java_ejemploMaven] INFO  o.eclipse.m2e.core.internal.Bundles - 	Entry: C:\Users\hel21\.p2\pool\plugins\org.eclipse.m2e.maven.runtime_3.9.1100.20250811-2018\jars\maven-model-builder-3.9.11.jar
2025-11-25 12:20:05,657 [Worker-26: Launching Executing install in C__Users_hel21_Desktop_programacion_java_ejemploMaven] INFO  o.eclipse.m2e.core.internal.Bundles - 	Entry: C:\Users\hel21\.p2\pool\plugins\org.eclipse.m2e.maven.runtime_3.9.1100.20250811-2018\jars\maven-plugin-api-3.9.11.jar
2025-11-25 12:20:05,657 [Worker-26: Launching Executing install in C__Users_hel21_Desktop_programacion_java_ejemploMaven] INFO  o.eclipse.m2e.core.internal.Bundles - 	Entry: C:\Users\hel21\.p2\pool\plugins\org.eclipse.m2e.maven.runtime_3.9.1100.20250811-2018\jars\maven-repository-metadata-3.9.11.jar
2025-11-25 12:20:05,657 [Worker-26: Launching Executing install in C__Users_hel21_Desktop_programacion_java_ejemploMaven] INFO  o.eclipse.m2e.core.internal.Bundles - 	Entry: C:\Users\hel21\.p2\pool\plugins\org.eclipse.m2e.maven.runtime_3.9.1100.20250811-2018\jars\maven-resolver-api-1.9.24.jar
2025-11-25 12:20:05,657 [Worker-26: Launching Executing install in C__Users_hel21_Desktop_programacion_java_ejemploMaven] INFO  o.eclipse.m2e.core.internal.Bundles - 	Entry: C:\Users\hel21\.p2\pool\plugins\org.eclipse.m2e.maven.runtime_3.9.1100.20250811-2018\jars\maven-resolver-connector-basic-1.9.24.jar
2025-11-25 12:20:05,657 [Worker-26: Launching Executing install in C__Users_hel21_Desktop_programacion_java_ejemploMaven] INFO  o.eclipse.m2e.core.internal.Bundles - 	Entry: C:\Users\hel21\.p2\pool\plugins\org.eclipse.m2e.maven.runtime_3.9.1100.20250811-2018\jars\maven-resolver-impl-1.9.24.jar
2025-11-25 12:20:05,657 [Worker-26: Launching Executing install in C__Users_hel21_Desktop_programacion_java_ejemploMaven] INFO  o.eclipse.m2e.core.internal.Bundles - 	Entry: C:\Users\hel21\.p2\pool\plugins\org.eclipse.m2e.maven.runtime_3.9.1100.20250811-2018\jars\maven-resolver-named-locks-1.9.24.jar
2025-11-25 12:20:05,657 [Worker-26: Launching Executing install in C__Users_hel21_Desktop_programacion_java_ejemploMaven] INFO  o.eclipse.m2e.core.internal.Bundles - 	Entry: C:\Users\hel21\.p2\pool\plugins\org.eclipse.m2e.maven.runtime_3.9.1100.20250811-2018\jars\maven-resolver-provider-3.9.11.jar
2025-11-25 12:20:05,658 [Worker-26: Launching Executing install in C__Users_hel21_Desktop_programacion_java_ejemploMaven] INFO  o.eclipse.m2e.core.internal.Bundles - 	Entry: C:\Users\hel21\.p2\pool\plugins\org.eclipse.m2e.maven.runtime_3.9.1100.20250811-2018\jars\maven-resolver-spi-1.9.24.jar
2025-11-25 12:20:05,658 [Worker-26: Launching Executing install in C__Users_hel21_Desktop_programacion_java_ejemploMaven] INFO  o.eclipse.m2e.core.internal.Bundles - 	Entry: C:\Users\hel21\.p2\pool\plugins\org.eclipse.m2e.maven.runtime_3.9.1100.20250811-2018\jars\maven-resolver-transport-file-1.9.24.jar
2025-11-25 12:20:05,658 [Worker-26: Launching Executing install in C__Users_hel21_Desktop_programacion_java_ejemploMaven] INFO  o.eclipse.m2e.core.internal.Bundles - 	Entry: C:\Users\hel21\.p2\pool\plugins\org.eclipse.m2e.maven.runtime_3.9.1100.20250811-2018\jars\maven-resolver-transport-http-1.9.24.jar
2025-11-25 12:20:05,658 [Worker-26: Launching Executing install in C__Users_hel21_Desktop_programacion_java_ejemploMaven] INFO  o.eclipse.m2e.core.internal.Bundles - 	Entry: C:\Users\hel21\.p2\pool\plugins\org.eclipse.m2e.maven.runtime_3.9.1100.20250811-2018\jars\maven-resolver-transport-wagon-1.9.24.jar
2025-11-25 12:20:05,658 [Worker-26: Launching Executing install in C__Users_hel21_Desktop_programacion_java_ejemploMaven] INFO  o.eclipse.m2e.core.internal.Bundles - 	Entry: C:\Users\hel21\.p2\pool\plugins\org.eclipse.m2e.maven.runtime_3.9.1100.20250811-2018\jars\maven-resolver-util-1.9.24.jar
2025-11-25 12:20:05,658 [Worker-26: Launching Executing install in C__Users_hel21_Desktop_programacion_java_ejemploMaven] INFO  o.eclipse.m2e.core.internal.Bundles - 	Entry: C:\Users\hel21\.p2\pool\plugins\org.eclipse.m2e.maven.runtime_3.9.1100.20250811-2018\jars\maven-settings-3.9.11.jar
2025-11-25 12:20:05,658 [Worker-26: Launching Executing install in C__Users_hel21_Desktop_programacion_java_ejemploMaven] INFO  o.eclipse.m2e.core.internal.Bundles - 	Entry: C:\Users\hel21\.p2\pool\plugins\org.eclipse.m2e.maven.runtime_3.9.1100.20250811-2018\jars\maven-settings-builder-3.9.11.jar
2025-11-25 12:20:05,658 [Worker-26: Launching Executing install in C__Users_hel21_Desktop_programacion_java_ejemploMaven] INFO  o.eclipse.m2e.core.internal.Bundles - 	Entry: C:\Users\hel21\.p2\pool\plugins\org.eclipse.m2e.maven.runtime_3.9.1100.20250811-2018\jars\maven-shared-utils-3.4.2.jar
2025-11-25 12:20:05,658 [Worker-26: Launching Executing install in C__Users_hel21_Desktop_programacion_java_ejemploMaven] INFO  o.eclipse.m2e.core.internal.Bundles - 	Entry: C:\Users\hel21\.p2\pool\plugins\org.eclipse.m2e.maven.runtime_3.9.1100.20250811-2018\jars\org.eclipse.sisu.inject-0.9.0.M4.jar
2025-11-25 12:20:05,658 [Worker-26: Launching Executing install in C__Users_hel21_Desktop_programacion_java_ejemploMaven] INFO  o.eclipse.m2e.core.internal.Bundles - 	Entry: C:\Users\hel21\.p2\pool\plugins\org.eclipse.m2e.maven.runtime_3.9.1100.20250811-2018\jars\org.eclipse.sisu.plexus-0.9.0.M4.jar
2025-11-25 12:20:05,659 [Worker-26: Launching Executing install in C__Users_hel21_Desktop_programacion_java_ejemploMaven] INFO  o.eclipse.m2e.core.internal.Bundles - 	Entry: C:\Users\hel21\.p2\pool\plugins\org.eclipse.m2e.maven.runtime_3.9.1100.20250811-2018\jars\plexus-build-api-0.0.7.jar
2025-11-25 12:20:05,659 [Worker-26: Launching Executing install in C__Users_hel21_Desktop_programacion_java_ejemploMaven] INFO  o.eclipse.m2e.core.internal.Bundles - 	Entry: C:\Users\hel21\.p2\pool\plugins\org.eclipse.m2e.maven.runtime_3.9.1100.20250811-2018\jars\plexus-build-api-1.2.0.jar
2025-11-25 12:20:05,659 [Worker-26: Launching Executing install in C__Users_hel21_Desktop_programacion_java_ejemploMaven] INFO  o.eclipse.m2e.core.internal.Bundles - 	Entry: C:\Users\hel21\.p2\pool\plugins\org.eclipse.m2e.maven.runtime_3.9.1100.20250811-2018\jars\plexus-cipher-2.0.jar
2025-11-25 12:20:05,659 [Worker-26: Launching Executing install in C__Users_hel21_Desktop_programacion_java_ejemploMaven] INFO  o.eclipse.m2e.core.internal.Bundles - 	Entry: C:\Users\hel21\.p2\pool\plugins\org.eclipse.m2e.maven.runtime_3.9.1100.20250811-2018\jars\plexus-classworlds-2.9.0.jar
2025-11-25 12:20:05,659 [Worker-26: Launching Executing install in C__Users_hel21_Desktop_programacion_java_ejemploMaven] INFO  o.eclipse.m2e.core.internal.Bundles - 	Entry: C:\Users\hel21\.p2\pool\plugins\org.eclipse.m2e.maven.runtime_3.9.1100.20250811-2018\jars\plexus-component-annotations-2.2.0.jar
2025-11-25 12:20:05,659 [Worker-26: Launching Executing install in C__Users_hel21_Desktop_programacion_java_ejemploMaven] INFO  o.eclipse.m2e.core.internal.Bundles - 	Entry: C:\Users\hel21\.p2\pool\plugins\org.eclipse.m2e.maven.runtime_3.9.1100.20250811-2018\jars\plexus-interpolation-1.28.jar
2025-11-25 12:20:05,659 [Worker-26: Launching Executing install in C__Users_hel21_Desktop_programacion_java_ejemploMaven] INFO  o.eclipse.m2e.core.internal.Bundles - 	Entry: C:\Users\hel21\.p2\pool\plugins\org.eclipse.m2e.maven.runtime_3.9.1100.20250811-2018\jars\plexus-sec-dispatcher-2.0.jar
2025-11-25 12:20:05,659 [Worker-26: Launching Executing install in C__Users_hel21_Desktop_programacion_java_ejemploMaven] INFO  o.eclipse.m2e.core.internal.Bundles - 	Entry: C:\Users\hel21\.p2\pool\plugins\org.eclipse.m2e.maven.runtime_3.9.1100.20250811-2018\jars\plexus-utils-3.6.0.jar
2025-11-25 12:20:05,659 [Worker-26: Launching Executing install in C__Users_hel21_Desktop_programacion_java_ejemploMaven] INFO  o.eclipse.m2e.core.internal.Bundles - 	Entry: C:\Users\hel21\.p2\pool\plugins\org.eclipse.m2e.maven.runtime_3.9.1100.20250811-2018\jars\wagon-file-3.5.3.jar
2025-11-25 12:20:05,659 [Worker-26: Launching Executing install in C__Users_hel21_Desktop_programacion_java_ejemploMaven] INFO  o.eclipse.m2e.core.internal.Bundles - 	Entry: C:\Users\hel21\.p2\pool\plugins\org.eclipse.m2e.maven.runtime_3.9.1100.20250811-2018\jars\wagon-http-3.5.3.jar
2025-11-25 12:20:05,659 [Worker-26: Launching Executing install in C__Users_hel21_Desktop_programacion_java_ejemploMaven] INFO  o.eclipse.m2e.core.internal.Bundles - 	Entry: C:\Users\hel21\.p2\pool\plugins\org.eclipse.m2e.maven.runtime_3.9.1100.20250811-2018\jars\wagon-http-shared-3.5.3.jar
2025-11-25 12:20:05,660 [Worker-26: Launching Executing install in C__Users_hel21_Desktop_programacion_java_ejemploMaven] INFO  o.eclipse.m2e.core.internal.Bundles - 	Entry: C:\Users\hel21\.p2\pool\plugins\org.eclipse.m2e.maven.runtime_3.9.1100.20250811-2018\jars\wagon-provider-api-3.5.3.jar
2025-11-25 12:20:05,660 [Worker-26: Launching Executing install in C__Users_hel21_Desktop_programacion_java_ejemploMaven] INFO  o.eclipse.m2e.core.internal.Bundles - getClasspathEntries(Bundle=com.google.guava_33.4.8.jre [18])
2025-11-25 12:20:05,660 [Worker-26: Launching Executing install in C__Users_hel21_Desktop_programacion_java_ejemploMaven] INFO  o.eclipse.m2e.core.internal.Bundles - 	Entry: C:\Users\hel21\.p2\pool\plugins\com.google.guava_33.4.8.jre.jar
2025-11-25 12:20:05,660 [Worker-26: Launching Executing install in C__Users_hel21_Desktop_programacion_java_ejemploMaven] INFO  o.eclipse.m2e.core.internal.Bundles - getClasspathEntries(Bundle=slf4j.api_2.0.17 [1004])
2025-11-25 12:20:05,660 [Worker-26: Launching Executing install in C__Users_hel21_Desktop_programacion_java_ejemploMaven] INFO  o.eclipse.m2e.core.internal.Bundles - 	Entry: C:\Users\hel21\.p2\pool\plugins\slf4j.api_2.0.17.jar
2025-11-25 12:20:05,660 [Worker-26: Launching Executing install in C__Users_hel21_Desktop_programacion_java_ejemploMaven] INFO  o.eclipse.m2e.core.internal.Bundles - getClasspathEntries(Bundle=jakarta.inject.jakarta.inject-api_1.0.5 [35])
2025-11-25 12:20:05,662 [Worker-26: Launching Executing install in C__Users_hel21_Desktop_programacion_java_ejemploMaven] INFO  o.eclipse.m2e.core.internal.Bundles - 	Entry: C:\Users\hel21\.p2\pool\plugins\jakarta.inject.jakarta.inject-api_1.0.5.jar
2025-11-25 12:20:05,662 [Worker-26: Launching Executing install in C__Users_hel21_Desktop_programacion_java_ejemploMaven] INFO  o.eclipse.m2e.core.internal.Bundles - getClasspathEntries(Bundle=jakarta.annotation-api_1.3.5 [31])
2025-11-25 12:20:05,662 [Worker-26: Launching Executing install in C__Users_hel21_Desktop_programacion_java_ejemploMaven] INFO  o.eclipse.m2e.core.internal.Bundles - 	Entry: C:\Users\hel21\.p2\pool\plugins\jakarta.annotation-api_1.3.5.jar
2025-11-25 12:20:05,662 [Worker-26: Launching Executing install in C__Users_hel21_Desktop_programacion_java_ejemploMaven] INFO  o.eclipse.m2e.core.internal.Bundles - getClasspathEntries(Bundle=org.apache.commons.cli_1.10.0 [75])
2025-11-25 12:20:05,662 [Worker-26: Launching Executing install in C__Users_hel21_Desktop_programacion_java_ejemploMaven] INFO  o.eclipse.m2e.core.internal.Bundles - 	Entry: C:\Users\hel21\.p2\pool\plugins\org.apache.commons.cli_1.10.0.jar
2025-11-25 12:20:05,662 [Worker-26: Launching Executing install in C__Users_hel21_Desktop_programacion_java_ejemploMaven] INFO  o.eclipse.m2e.core.internal.Bundles - getClasspathEntries(Bundle=org.apache.commons.commons-codec_1.19.0 [77])
2025-11-25 12:20:05,663 [Worker-26: Launching Executing install in C__Users_hel21_Desktop_programacion_java_ejemploMaven] INFO  o.eclipse.m2e.core.internal.Bundles - 	Entry: C:\Users\hel21\.p2\pool\plugins\org.apache.commons.commons-codec_1.19.0.jar
2025-11-25 12:20:05,663 [Worker-26: Launching Executing install in C__Users_hel21_Desktop_programacion_java_ejemploMaven] INFO  o.eclipse.m2e.core.internal.Bundles - getClasspathEntries(Bundle=com.google.guava.failureaccess_1.0.3 [19])
2025-11-25 12:20:05,663 [Worker-26: Launching Executing install in C__Users_hel21_Desktop_programacion_java_ejemploMaven] INFO  o.eclipse.m2e.core.internal.Bundles - 	Entry: C:\Users\hel21\.p2\pool\plugins\com.google.guava.failureaccess_1.0.3.jar
2025-11-25 12:20:05,664 [Worker-26: Launching Executing install in C__Users_hel21_Desktop_programacion_java_ejemploMaven] INFO  o.e.m.i.launch.MavenLaunchDelegate - Run build in "C:\Users\hel21\Desktop\programacion\java\ejemploMaven":
2025-11-25 12:20:05,664 [Worker-26: Launching Executing install in C__Users_hel21_Desktop_programacion_java_ejemploMaven] INFO  o.e.m.i.launch.MavenLaunchDelegate -  mvn  -B -Dstyle.color=always install
2025-11-25 12:23:25,789 [Worker-33: Building] INFO  o.a.m.s.f.DefaultMavenResourcesFiltering - skip non existing resourceDirectory C:\Users\hel21\Desktop\programacion\java\ejemploMaven\src\main\resources
2025-11-25 12:23:25,792 [Worker-33: Building] INFO  o.a.m.s.f.DefaultMavenResourcesFiltering - skip non existing resourceDirectory C:\Users\hel21\Desktop\programacion\java\ejemploMaven\src\test\resources
2025-11-25 12:23:25,793 [Worker-33: Building] WARN  o.apache.maven.project.MavenProject - Direct modification of compileSourceRoots through clear() is deprecated and will not work in Maven 4.0.0. Please use the add/remove methods instead. If you're using a plugin that causes this warning, please upgrade to the latest version and report an issue if the warning persists. To disable these warnings, set -Dmaven.project.sourceRoots.warningsDisabled=true on the command line, in the .mvn/maven.config file, or in project POM properties.
2025-11-25 12:23:25,794 [Worker-33: Building] WARN  o.apache.maven.project.MavenProject - Direct modification of compileSourceRoots through add() is deprecated and will not work in Maven 4.0.0. Please use the add/remove methods instead. If you're using a plugin that causes this warning, please upgrade to the latest version and report an issue if the warning persists. To disable these warnings, set -Dmaven.project.sourceRoots.warningsDisabled=true on the command line, in the .mvn/maven.config file, or in project POM properties.
2025-11-25 12:23:25,794 [Worker-33: Building] WARN  o.apache.maven.project.MavenProject - Direct modification of testCompileSourceRoots through clear() is deprecated and will not work in Maven 4.0.0. Please use the add/remove methods instead. If you're using a plugin that causes this warning, please upgrade to the latest version and report an issue if the warning persists. To disable these warnings, set -Dmaven.project.sourceRoots.warningsDisabled=true on the command line, in the .mvn/maven.config file, or in project POM properties.
2025-11-25 12:23:25,796 [Worker-33: Building] WARN  o.apache.maven.project.MavenProject - Direct modification of testCompileSourceRoots through add() is deprecated and will not work in Maven 4.0.0. Please use the add/remove methods instead. If you're using a plugin that causes this warning, please upgrade to the latest version and report an issue if the warning persists. To disable these warnings, set -Dmaven.project.sourceRoots.warningsDisabled=true on the command line, in the .mvn/maven.config file, or in project POM properties.
2025-11-25 12:24:08,772 [Worker-35: Building] INFO  o.a.m.s.f.DefaultMavenResourcesFiltering - skip non existing resourceDirectory C:\Users\hel21\Desktop\programacion\java\ejemploMaven\src\main\resources
2025-11-25 12:24:08,775 [Worker-35: Building] INFO  o.a.m.s.f.DefaultMavenResourcesFiltering - skip non existing resourceDirectory C:\Users\hel21\Desktop\programacion\java\ejemploMaven\src\test\resources
2025-11-25 12:24:08,775 [Worker-35: Building] WARN  o.apache.maven.project.MavenProject - Direct modification of compileSourceRoots through clear() is deprecated and will not work in Maven 4.0.0. Please use the add/remove methods instead. If you're using a plugin that causes this warning, please upgrade to the latest version and report an issue if the warning persists. To disable these warnings, set -Dmaven.project.sourceRoots.warningsDisabled=true on the command line, in the .mvn/maven.config file, or in project POM properties.
2025-11-25 12:24:08,776 [Worker-35: Building] WARN  o.apache.maven.project.MavenProject - Direct modification of compileSourceRoots through add() is deprecated and will not work in Maven 4.0.0. Please use the add/remove methods instead. If you're using a plugin that causes this warning, please upgrade to the latest version and report an issue if the warning persists. To disable these warnings, set -Dmaven.project.sourceRoots.warningsDisabled=true on the command line, in the .mvn/maven.config file, or in project POM properties.
2025-11-25 12:24:08,777 [Worker-35: Building] WARN  o.apache.maven.project.MavenProject - Direct modification of testCompileSourceRoots through clear() is deprecated and will not work in Maven 4.0.0. Please use the add/remove methods instead. If you're using a plugin that causes this warning, please upgrade to the latest version and report an issue if the warning persists. To disable these warnings, set -Dmaven.project.sourceRoots.warningsDisabled=true on the command line, in the .mvn/maven.config file, or in project POM properties.
2025-11-25 12:24:08,778 [Worker-35: Building] WARN  o.apache.maven.project.MavenProject - Direct modification of testCompileSourceRoots through add() is deprecated and will not work in Maven 4.0.0. Please use the add/remove methods instead. If you're using a plugin that causes this warning, please upgrade to the latest version and report an issue if the warning persists. To disable these warnings, set -Dmaven.project.sourceRoots.warningsDisabled=true on the command line, in the .mvn/maven.config file, or in project POM properties.
2025-11-25 12:24:18,715 [Worker-33: Building] INFO  o.a.m.s.f.DefaultMavenResourcesFiltering - skip non existing resourceDirectory C:\Users\hel21\Desktop\programacion\java\ejemploMaven\src\main\resources
2025-11-25 12:24:18,717 [Worker-33: Building] INFO  o.a.m.s.f.DefaultMavenResourcesFiltering - skip non existing resourceDirectory C:\Users\hel21\Desktop\programacion\java\ejemploMaven\src\test\resources
2025-11-25 12:24:18,726 [Worker-33: Building] WARN  o.apache.maven.project.MavenProject - Direct modification of compileSourceRoots through clear() is deprecated and will not work in Maven 4.0.0. Please use the add/remove methods instead. If you're using a plugin that causes this warning, please upgrade to the latest version and report an issue if the warning persists. To disable these warnings, set -Dmaven.project.sourceRoots.warningsDisabled=true on the command line, in the .mvn/maven.config file, or in project POM properties.
2025-11-25 12:24:18,727 [Worker-33: Building] WARN  o.apache.maven.project.MavenProject - Direct modification of compileSourceRoots through add() is deprecated and will not work in Maven 4.0.0. Please use the add/remove methods instead. If you're using a plugin that causes this warning, please upgrade to the latest version and report an issue if the warning persists. To disable these warnings, set -Dmaven.project.sourceRoots.warningsDisabled=true on the command line, in the .mvn/maven.config file, or in project POM properties.
2025-11-25 12:24:18,728 [Worker-33: Building] WARN  o.apache.maven.project.MavenProject - Direct modification of testCompileSourceRoots through clear() is deprecated and will not work in Maven 4.0.0. Please use the add/remove methods instead. If you're using a plugin that causes this warning, please upgrade to the latest version and report an issue if the warning persists. To disable these warnings, set -Dmaven.project.sourceRoots.warningsDisabled=true on the command line, in the .mvn/maven.config file, or in project POM properties.
2025-11-25 12:24:18,728 [Worker-33: Building] WARN  o.apache.maven.project.MavenProject - Direct modification of testCompileSourceRoots through add() is deprecated and will not work in Maven 4.0.0. Please use the add/remove methods instead. If you're using a plugin that causes this warning, please upgrade to the latest version and report an issue if the warning persists. To disable these warnings, set -Dmaven.project.sourceRoots.warningsDisabled=true on the command line, in the .mvn/maven.config file, or in project POM properties.
2025-11-25 12:24:22,420 [Worker-33: Building] INFO  o.a.m.s.f.DefaultMavenResourcesFiltering - skip non existing resourceDirectory C:\Users\hel21\Desktop\programacion\java\ejemploMaven\src\main\resources
2025-11-25 12:24:22,422 [Worker-33: Building] INFO  o.a.m.s.f.DefaultMavenResourcesFiltering - skip non existing resourceDirectory C:\Users\hel21\Desktop\programacion\java\ejemploMaven\src\test\resources
2025-11-25 12:24:22,430 [Worker-33: Building] WARN  o.apache.maven.project.MavenProject - Direct modification of compileSourceRoots through clear() is deprecated and will not work in Maven 4.0.0. Please use the add/remove methods instead. If you're using a plugin that causes this warning, please upgrade to the latest version and report an issue if the warning persists. To disable these warnings, set -Dmaven.project.sourceRoots.warningsDisabled=true on the command line, in the .mvn/maven.config file, or in project POM properties.
2025-11-25 12:24:22,430 [Worker-33: Building] WARN  o.apache.maven.project.MavenProject - Direct modification of compileSourceRoots through add() is deprecated and will not work in Maven 4.0.0. Please use the add/remove methods instead. If you're using a plugin that causes this warning, please upgrade to the latest version and report an issue if the warning persists. To disable these warnings, set -Dmaven.project.sourceRoots.warningsDisabled=true on the command line, in the .mvn/maven.config file, or in project POM properties.
2025-11-25 12:24:22,431 [Worker-33: Building] WARN  o.apache.maven.project.MavenProject - Direct modification of testCompileSourceRoots through clear() is deprecated and will not work in Maven 4.0.0. Please use the add/remove methods instead. If you're using a plugin that causes this warning, please upgrade to the latest version and report an issue if the warning persists. To disable these warnings, set -Dmaven.project.sourceRoots.warningsDisabled=true on the command line, in the .mvn/maven.config file, or in project POM properties.
2025-11-25 12:24:22,432 [Worker-33: Building] WARN  o.apache.maven.project.MavenProject - Direct modification of testCompileSourceRoots through add() is deprecated and will not work in Maven 4.0.0. Please use the add/remove methods instead. If you're using a plugin that causes this warning, please upgrade to the latest version and report an issue if the warning persists. To disable these warnings, set -Dmaven.project.sourceRoots.warningsDisabled=true on the command line, in the .mvn/maven.config file, or in project POM properties.
2025-11-25 12:45:33,424 [ModalContext] INFO  o.e.m.c.i.e.AbstractTransferListenerAdapter - Downloading https://repo.maven.apache.org/maven2/uk/co/markg/archetypes/java11-junit5/1.0/java11-junit5-1.0.pom
2025-11-25 12:45:33,452 [ModalContext] INFO  o.e.m.c.i.e.AbstractTransferListenerAdapter - Downloaded https://repo.maven.apache.org/maven2/uk/co/markg/archetypes/java11-junit5/1.0/java11-junit5-1.0.pom
2025-11-25 12:45:33,488 [ModalContext] INFO  o.e.m.c.i.e.AbstractTransferListenerAdapter - Downloading https://repo.maven.apache.org/maven2/uk/co/markg/archetypes/java11-junit5/1.0/java11-junit5-1.0.jar
2025-11-25 12:45:33,514 [ModalContext] INFO  o.e.m.c.i.e.AbstractTransferListenerAdapter - Downloaded https://repo.maven.apache.org/maven2/uk/co/markg/archetypes/java11-junit5/1.0/java11-junit5-1.0.jar
2025-11-25 12:45:59,988 [Worker-33: Launching mavenrun-f013b0ef-965f-481a-9409-2465687a4889] INFO  o.eclipse.m2e.core.internal.Bundles - getClasspathEntries(Bundle=org.eclipse.m2e.maven.runtime_3.9.1100.20250811-2018 [639])
2025-11-25 12:45:59,989 [Worker-33: Launching mavenrun-f013b0ef-965f-481a-9409-2465687a4889] INFO  o.eclipse.m2e.core.internal.Bundles - 	Entry: C:\Users\hel21\.p2\pool\plugins\org.eclipse.m2e.maven.runtime_3.9.1100.20250811-2018
2025-11-25 12:45:59,989 [Worker-33: Launching mavenrun-f013b0ef-965f-481a-9409-2465687a4889] INFO  o.eclipse.m2e.core.internal.Bundles - 	Entry: C:\Users\hel21\.p2\pool\plugins\org.eclipse.m2e.maven.runtime_3.9.1100.20250811-2018\jars\aopalliance-1.0.jar
2025-11-25 12:45:59,989 [Worker-33: Launching mavenrun-f013b0ef-965f-481a-9409-2465687a4889] INFO  o.eclipse.m2e.core.internal.Bundles - 	Entry: C:\Users\hel21\.p2\pool\plugins\org.eclipse.m2e.maven.runtime_3.9.1100.20250811-2018\jars\asm-9.8.jar
2025-11-25 12:45:59,989 [Worker-33: Launching mavenrun-f013b0ef-965f-481a-9409-2465687a4889] INFO  o.eclipse.m2e.core.internal.Bundles - 	Entry: C:\Users\hel21\.p2\pool\plugins\org.eclipse.m2e.maven.runtime_3.9.1100.20250811-2018\jars\error_prone_annotations-2.38.0.jar
2025-11-25 12:45:59,989 [Worker-33: Launching mavenrun-f013b0ef-965f-481a-9409-2465687a4889] INFO  o.eclipse.m2e.core.internal.Bundles - 	Entry: C:\Users\hel21\.p2\pool\plugins\org.eclipse.m2e.maven.runtime_3.9.1100.20250811-2018\jars\gson-2.13.1.jar
2025-11-25 12:45:59,989 [Worker-33: Launching mavenrun-f013b0ef-965f-481a-9409-2465687a4889] INFO  o.eclipse.m2e.core.internal.Bundles - 	Entry: C:\Users\hel21\.p2\pool\plugins\org.eclipse.m2e.maven.runtime_3.9.1100.20250811-2018\jars\guice-5.1.0-classes.jar
2025-11-25 12:45:59,989 [Worker-33: Launching mavenrun-f013b0ef-965f-481a-9409-2465687a4889] INFO  o.eclipse.m2e.core.internal.Bundles - 	Entry: C:\Users\hel21\.p2\pool\plugins\org.eclipse.m2e.maven.runtime_3.9.1100.20250811-2018\jars\httpclient-4.5.14.jar
2025-11-25 12:45:59,990 [Worker-33: Launching mavenrun-f013b0ef-965f-481a-9409-2465687a4889] INFO  o.eclipse.m2e.core.internal.Bundles - 	Entry: C:\Users\hel21\.p2\pool\plugins\org.eclipse.m2e.maven.runtime_3.9.1100.20250811-2018\jars\httpcore-4.4.16.jar
2025-11-25 12:45:59,990 [Worker-33: Launching mavenrun-f013b0ef-965f-481a-9409-2465687a4889] INFO  o.eclipse.m2e.core.internal.Bundles - 	Entry: C:\Users\hel21\.p2\pool\plugins\org.eclipse.m2e.maven.runtime_3.9.1100.20250811-2018\jars\jansi-2.4.2.jar
2025-11-25 12:45:59,990 [Worker-33: Launching mavenrun-f013b0ef-965f-481a-9409-2465687a4889] INFO  o.eclipse.m2e.core.internal.Bundles - 	Entry: C:\Users\hel21\.p2\pool\plugins\org.eclipse.m2e.maven.runtime_3.9.1100.20250811-2018\jars\jcl-over-slf4j-1.7.36.jar
2025-11-25 12:45:59,990 [Worker-33: Launching mavenrun-f013b0ef-965f-481a-9409-2465687a4889] INFO  o.eclipse.m2e.core.internal.Bundles - 	Entry: C:\Users\hel21\.p2\pool\plugins\org.eclipse.m2e.maven.runtime_3.9.1100.20250811-2018\jars\maven-artifact-3.9.11.jar
2025-11-25 12:45:59,990 [Worker-33: Launching mavenrun-f013b0ef-965f-481a-9409-2465687a4889] INFO  o.eclipse.m2e.core.internal.Bundles - 	Entry: C:\Users\hel21\.p2\pool\plugins\org.eclipse.m2e.maven.runtime_3.9.1100.20250811-2018\jars\maven-builder-support-3.9.11.jar
2025-11-25 12:45:59,990 [Worker-33: Launching mavenrun-f013b0ef-965f-481a-9409-2465687a4889] INFO  o.eclipse.m2e.core.internal.Bundles - 	Entry: C:\Users\hel21\.p2\pool\plugins\org.eclipse.m2e.maven.runtime_3.9.1100.20250811-2018\jars\maven-compat-3.9.11.jar
2025-11-25 12:45:59,990 [Worker-33: Launching mavenrun-f013b0ef-965f-481a-9409-2465687a4889] INFO  o.eclipse.m2e.core.internal.Bundles - 	Entry: C:\Users\hel21\.p2\pool\plugins\org.eclipse.m2e.maven.runtime_3.9.1100.20250811-2018\jars\maven-core-3.9.11.jar
2025-11-25 12:45:59,990 [Worker-33: Launching mavenrun-f013b0ef-965f-481a-9409-2465687a4889] INFO  o.eclipse.m2e.core.internal.Bundles - 	Entry: C:\Users\hel21\.p2\pool\plugins\org.eclipse.m2e.maven.runtime_3.9.1100.20250811-2018\jars\maven-embedder-3.9.11.jar
2025-11-25 12:45:59,990 [Worker-33: Launching mavenrun-f013b0ef-965f-481a-9409-2465687a4889] INFO  o.eclipse.m2e.core.internal.Bundles - 	Entry: C:\Users\hel21\.p2\pool\plugins\org.eclipse.m2e.maven.runtime_3.9.1100.20250811-2018\jars\maven-model-3.9.11.jar
2025-11-25 12:45:59,990 [Worker-33: Launching mavenrun-f013b0ef-965f-481a-9409-2465687a4889] INFO  o.eclipse.m2e.core.internal.Bundles - 	Entry: C:\Users\hel21\.p2\pool\plugins\org.eclipse.m2e.maven.runtime_3.9.1100.20250811-2018\jars\maven-model-builder-3.9.11.jar
2025-11-25 12:45:59,990 [Worker-33: Launching mavenrun-f013b0ef-965f-481a-9409-2465687a4889] INFO  o.eclipse.m2e.core.internal.Bundles - 	Entry: C:\Users\hel21\.p2\pool\plugins\org.eclipse.m2e.maven.runtime_3.9.1100.20250811-2018\jars\maven-plugin-api-3.9.11.jar
2025-11-25 12:45:59,991 [Worker-33: Launching mavenrun-f013b0ef-965f-481a-9409-2465687a4889] INFO  o.eclipse.m2e.core.internal.Bundles - 	Entry: C:\Users\hel21\.p2\pool\plugins\org.eclipse.m2e.maven.runtime_3.9.1100.20250811-2018\jars\maven-repository-metadata-3.9.11.jar
2025-11-25 12:45:59,991 [Worker-33: Launching mavenrun-f013b0ef-965f-481a-9409-2465687a4889] INFO  o.eclipse.m2e.core.internal.Bundles - 	Entry: C:\Users\hel21\.p2\pool\plugins\org.eclipse.m2e.maven.runtime_3.9.1100.20250811-2018\jars\maven-resolver-api-1.9.24.jar
2025-11-25 12:45:59,991 [Worker-33: Launching mavenrun-f013b0ef-965f-481a-9409-2465687a4889] INFO  o.eclipse.m2e.core.internal.Bundles - 	Entry: C:\Users\hel21\.p2\pool\plugins\org.eclipse.m2e.maven.runtime_3.9.1100.20250811-2018\jars\maven-resolver-connector-basic-1.9.24.jar
2025-11-25 12:45:59,991 [Worker-33: Launching mavenrun-f013b0ef-965f-481a-9409-2465687a4889] INFO  o.eclipse.m2e.core.internal.Bundles - 	Entry: C:\Users\hel21\.p2\pool\plugins\org.eclipse.m2e.maven.runtime_3.9.1100.20250811-2018\jars\maven-resolver-impl-1.9.24.jar
2025-11-25 12:45:59,991 [Worker-33: Launching mavenrun-f013b0ef-965f-481a-9409-2465687a4889] INFO  o.eclipse.m2e.core.internal.Bundles - 	Entry: C:\Users\hel21\.p2\pool\plugins\org.eclipse.m2e.maven.runtime_3.9.1100.20250811-2018\jars\maven-resolver-named-locks-1.9.24.jar
2025-11-25 12:45:59,991 [Worker-33: Launching mavenrun-f013b0ef-965f-481a-9409-2465687a4889] INFO  o.eclipse.m2e.core.internal.Bundles - 	Entry: C:\Users\hel21\.p2\pool\plugins\org.eclipse.m2e.maven.runtime_3.9.1100.20250811-2018\jars\maven-resolver-provider-3.9.11.jar
2025-11-25 12:45:59,991 [Worker-33: Launching mavenrun-f013b0ef-965f-481a-9409-2465687a4889] INFO  o.eclipse.m2e.core.internal.Bundles - 	Entry: C:\Users\hel21\.p2\pool\plugins\org.eclipse.m2e.maven.runtime_3.9.1100.20250811-2018\jars\maven-resolver-spi-1.9.24.jar
2025-11-25 12:45:59,991 [Worker-33: Launching mavenrun-f013b0ef-965f-481a-9409-2465687a4889] INFO  o.eclipse.m2e.core.internal.Bundles - 	Entry: C:\Users\hel21\.p2\pool\plugins\org.eclipse.m2e.maven.runtime_3.9.1100.20250811-2018\jars\maven-resolver-transport-file-1.9.24.jar
2025-11-25 12:45:59,991 [Worker-33: Launching mavenrun-f013b0ef-965f-481a-9409-2465687a4889] INFO  o.eclipse.m2e.core.internal.Bundles - 	Entry: C:\Users\hel21\.p2\pool\plugins\org.eclipse.m2e.maven.runtime_3.9.1100.20250811-2018\jars\maven-resolver-transport-http-1.9.24.jar
2025-11-25 12:45:59,991 [Worker-33: Launching mavenrun-f013b0ef-965f-481a-9409-2465687a4889] INFO  o.eclipse.m2e.core.internal.Bundles - 	Entry: C:\Users\hel21\.p2\pool\plugins\org.eclipse.m2e.maven.runtime_3.9.1100.20250811-2018\jars\maven-resolver-transport-wagon-1.9.24.jar
2025-11-25 12:45:59,992 [Worker-33: Launching mavenrun-f013b0ef-965f-481a-9409-2465687a4889] INFO  o.eclipse.m2e.core.internal.Bundles - 	Entry: C:\Users\hel21\.p2\pool\plugins\org.eclipse.m2e.maven.runtime_3.9.1100.20250811-2018\jars\maven-resolver-util-1.9.24.jar
2025-11-25 12:45:59,992 [Worker-33: Launching mavenrun-f013b0ef-965f-481a-9409-2465687a4889] INFO  o.eclipse.m2e.core.internal.Bundles - 	Entry: C:\Users\hel21\.p2\pool\plugins\org.eclipse.m2e.maven.runtime_3.9.1100.20250811-2018\jars\maven-settings-3.9.11.jar
2025-11-25 12:45:59,992 [Worker-33: Launching mavenrun-f013b0ef-965f-481a-9409-2465687a4889] INFO  o.eclipse.m2e.core.internal.Bundles - 	Entry: C:\Users\hel21\.p2\pool\plugins\org.eclipse.m2e.maven.runtime_3.9.1100.20250811-2018\jars\maven-settings-builder-3.9.11.jar
2025-11-25 12:45:59,992 [Worker-33: Launching mavenrun-f013b0ef-965f-481a-9409-2465687a4889] INFO  o.eclipse.m2e.core.internal.Bundles - 	Entry: C:\Users\hel21\.p2\pool\plugins\org.eclipse.m2e.maven.runtime_3.9.1100.20250811-2018\jars\maven-shared-utils-3.4.2.jar
2025-11-25 12:45:59,992 [Worker-33: Launching mavenrun-f013b0ef-965f-481a-9409-2465687a4889] INFO  o.eclipse.m2e.core.internal.Bundles - 	Entry: C:\Users\hel21\.p2\pool\plugins\org.eclipse.m2e.maven.runtime_3.9.1100.20250811-2018\jars\org.eclipse.sisu.inject-0.9.0.M4.jar
2025-11-25 12:45:59,992 [Worker-33: Launching mavenrun-f013b0ef-965f-481a-9409-2465687a4889] INFO  o.eclipse.m2e.core.internal.Bundles - 	Entry: C:\Users\hel21\.p2\pool\plugins\org.eclipse.m2e.maven.runtime_3.9.1100.20250811-2018\jars\org.eclipse.sisu.plexus-0.9.0.M4.jar
2025-11-25 12:45:59,992 [Worker-33: Launching mavenrun-f013b0ef-965f-481a-9409-2465687a4889] INFO  o.eclipse.m2e.core.internal.Bundles - 	Entry: C:\Users\hel21\.p2\pool\plugins\org.eclipse.m2e.maven.runtime_3.9.1100.20250811-2018\jars\plexus-build-api-0.0.7.jar
2025-11-25 12:45:59,992 [Worker-33: Launching mavenrun-f013b0ef-965f-481a-9409-2465687a4889] INFO  o.eclipse.m2e.core.internal.Bundles - 	Entry: C:\Users\hel21\.p2\pool\plugins\org.eclipse.m2e.maven.runtime_3.9.1100.20250811-2018\jars\plexus-build-api-1.2.0.jar
2025-11-25 12:45:59,992 [Worker-33: Launching mavenrun-f013b0ef-965f-481a-9409-2465687a4889] INFO  o.eclipse.m2e.core.internal.Bundles - 	Entry: C:\Users\hel21\.p2\pool\plugins\org.eclipse.m2e.maven.runtime_3.9.1100.20250811-2018\jars\plexus-cipher-2.0.jar
2025-11-25 12:45:59,992 [Worker-33: Launching mavenrun-f013b0ef-965f-481a-9409-2465687a4889] INFO  o.eclipse.m2e.core.internal.Bundles - 	Entry: C:\Users\hel21\.p2\pool\plugins\org.eclipse.m2e.maven.runtime_3.9.1100.20250811-2018\jars\plexus-classworlds-2.9.0.jar
2025-11-25 12:45:59,992 [Worker-33: Launching mavenrun-f013b0ef-965f-481a-9409-2465687a4889] INFO  o.eclipse.m2e.core.internal.Bundles - 	Entry: C:\Users\hel21\.p2\pool\plugins\org.eclipse.m2e.maven.runtime_3.9.1100.20250811-2018\jars\plexus-component-annotations-2.2.0.jar
2025-11-25 12:45:59,993 [Worker-33: Launching mavenrun-f013b0ef-965f-481a-9409-2465687a4889] INFO  o.eclipse.m2e.core.internal.Bundles - 	Entry: C:\Users\hel21\.p2\pool\plugins\org.eclipse.m2e.maven.runtime_3.9.1100.20250811-2018\jars\plexus-interpolation-1.28.jar
2025-11-25 12:45:59,993 [Worker-33: Launching mavenrun-f013b0ef-965f-481a-9409-2465687a4889] INFO  o.eclipse.m2e.core.internal.Bundles - 	Entry: C:\Users\hel21\.p2\pool\plugins\org.eclipse.m2e.maven.runtime_3.9.1100.20250811-2018\jars\plexus-sec-dispatcher-2.0.jar
2025-11-25 12:45:59,993 [Worker-33: Launching mavenrun-f013b0ef-965f-481a-9409-2465687a4889] INFO  o.eclipse.m2e.core.internal.Bundles - 	Entry: C:\Users\hel21\.p2\pool\plugins\org.eclipse.m2e.maven.runtime_3.9.1100.20250811-2018\jars\plexus-utils-3.6.0.jar
2025-11-25 12:45:59,993 [Worker-33: Launching mavenrun-f013b0ef-965f-481a-9409-2465687a4889] INFO  o.eclipse.m2e.core.internal.Bundles - 	Entry: C:\Users\hel21\.p2\pool\plugins\org.eclipse.m2e.maven.runtime_3.9.1100.20250811-2018\jars\wagon-file-3.5.3.jar
2025-11-25 12:45:59,993 [Worker-33: Launching mavenrun-f013b0ef-965f-481a-9409-2465687a4889] INFO  o.eclipse.m2e.core.internal.Bundles - 	Entry: C:\Users\hel21\.p2\pool\plugins\org.eclipse.m2e.maven.runtime_3.9.1100.20250811-2018\jars\wagon-http-3.5.3.jar
2025-11-25 12:45:59,993 [Worker-33: Launching mavenrun-f013b0ef-965f-481a-9409-2465687a4889] INFO  o.eclipse.m2e.core.internal.Bundles - 	Entry: C:\Users\hel21\.p2\pool\plugins\org.eclipse.m2e.maven.runtime_3.9.1100.20250811-2018\jars\wagon-http-shared-3.5.3.jar
2025-11-25 12:45:59,993 [Worker-33: Launching mavenrun-f013b0ef-965f-481a-9409-2465687a4889] INFO  o.eclipse.m2e.core.internal.Bundles - 	Entry: C:\Users\hel21\.p2\pool\plugins\org.eclipse.m2e.maven.runtime_3.9.1100.20250811-2018\jars\wagon-provider-api-3.5.3.jar
2025-11-25 12:45:59,993 [Worker-33: Launching mavenrun-f013b0ef-965f-481a-9409-2465687a4889] INFO  o.eclipse.m2e.core.internal.Bundles - getClasspathEntries(Bundle=com.google.guava_33.4.8.jre [18])
2025-11-25 12:45:59,994 [Worker-33: Launching mavenrun-f013b0ef-965f-481a-9409-2465687a4889] INFO  o.eclipse.m2e.core.internal.Bundles - 	Entry: C:\Users\hel21\.p2\pool\plugins\com.google.guava_33.4.8.jre.jar
2025-11-25 12:45:59,994 [Worker-33: Launching mavenrun-f013b0ef-965f-481a-9409-2465687a4889] INFO  o.eclipse.m2e.core.internal.Bundles - getClasspathEntries(Bundle=slf4j.api_2.0.17 [1004])
2025-11-25 12:45:59,994 [Worker-33: Launching mavenrun-f013b0ef-965f-481a-9409-2465687a4889] INFO  o.eclipse.m2e.core.internal.Bundles - 	Entry: C:\Users\hel21\.p2\pool\plugins\slf4j.api_2.0.17.jar
2025-11-25 12:45:59,994 [Worker-33: Launching mavenrun-f013b0ef-965f-481a-9409-2465687a4889] INFO  o.eclipse.m2e.core.internal.Bundles - getClasspathEntries(Bundle=jakarta.inject.jakarta.inject-api_1.0.5 [35])
2025-11-25 12:45:59,995 [Worker-33: Launching mavenrun-f013b0ef-965f-481a-9409-2465687a4889] INFO  o.eclipse.m2e.core.internal.Bundles - 	Entry: C:\Users\hel21\.p2\pool\plugins\jakarta.inject.jakarta.inject-api_1.0.5.jar
2025-11-25 12:45:59,995 [Worker-33: Launching mavenrun-f013b0ef-965f-481a-9409-2465687a4889] INFO  o.eclipse.m2e.core.internal.Bundles - getClasspathEntries(Bundle=jakarta.annotation-api_1.3.5 [31])
2025-11-25 12:45:59,995 [Worker-33: Launching mavenrun-f013b0ef-965f-481a-9409-2465687a4889] INFO  o.eclipse.m2e.core.internal.Bundles - 	Entry: C:\Users\hel21\.p2\pool\plugins\jakarta.annotation-api_1.3.5.jar
2025-11-25 12:45:59,995 [Worker-33: Launching mavenrun-f013b0ef-965f-481a-9409-2465687a4889] INFO  o.eclipse.m2e.core.internal.Bundles - getClasspathEntries(Bundle=org.apache.commons.cli_1.10.0 [75])
2025-11-25 12:45:59,996 [Worker-33: Launching mavenrun-f013b0ef-965f-481a-9409-2465687a4889] INFO  o.eclipse.m2e.core.internal.Bundles - 	Entry: C:\Users\hel21\.p2\pool\plugins\org.apache.commons.cli_1.10.0.jar
2025-11-25 12:45:59,996 [Worker-33: Launching mavenrun-f013b0ef-965f-481a-9409-2465687a4889] INFO  o.eclipse.m2e.core.internal.Bundles - getClasspathEntries(Bundle=org.apache.commons.commons-codec_1.19.0 [77])
2025-11-25 12:45:59,996 [Worker-33: Launching mavenrun-f013b0ef-965f-481a-9409-2465687a4889] INFO  o.eclipse.m2e.core.internal.Bundles - 	Entry: C:\Users\hel21\.p2\pool\plugins\org.apache.commons.commons-codec_1.19.0.jar
2025-11-25 12:45:59,996 [Worker-33: Launching mavenrun-f013b0ef-965f-481a-9409-2465687a4889] INFO  o.eclipse.m2e.core.internal.Bundles - getClasspathEntries(Bundle=com.google.guava.failureaccess_1.0.3 [19])
2025-11-25 12:45:59,997 [Worker-33: Launching mavenrun-f013b0ef-965f-481a-9409-2465687a4889] INFO  o.eclipse.m2e.core.internal.Bundles - 	Entry: C:\Users\hel21\.p2\pool\plugins\com.google.guava.failureaccess_1.0.3.jar
2025-11-25 12:45:59,998 [Worker-33: Launching mavenrun-f013b0ef-965f-481a-9409-2465687a4889] INFO  o.e.m.i.launch.MavenLaunchDelegate - Run build in "C:\Users\hel21\AppData\Local\Temp\m2e-archetypeGenerator9972269314462537785":
2025-11-25 12:45:59,998 [Worker-33: Launching mavenrun-f013b0ef-965f-481a-9409-2465687a4889] INFO  o.e.m.i.launch.MavenLaunchDelegate -  mvn  -DarchetypeGroupId=uk.co.markg.archetypes -DarchetypeArtifactId=java11-junit5 -DarchetypeVersion=1.0 -DgroupId=com.krakedev -DartifactId=ejemploUnit -Dversion=1.0.0 -Dpackage=com.krakedev.ejemploUnit -DoutputDirectory=C:\Users\hel21\Desktop\programacion\java -Dstyle.color=always -U archetype:generate
2025-11-25 12:46:07,797 [Worker-40: Creating java11-junit5] INFO  o.e.m.c.i.p.ProjectConfigurationManager - Collecting project info '/pom.xml' C:\Users\hel21\Desktop\programacion\java\ejemploUnit\pom.xml
2025-11-25 12:46:07,898 [Worker-40: Creating java11-junit5] INFO  o.e.m.c.i.e.AbstractTransferListenerAdapter - Downloading https://repo.maven.apache.org/maven2/org/apache/maven/plugins/maven-clean-plugin/3.1.0/maven-clean-plugin-3.1.0.jar
2025-11-25 12:46:08,274 [Worker-40: Creating java11-junit5] INFO  o.e.m.c.i.e.AbstractTransferListenerAdapter - Downloaded https://repo.maven.apache.org/maven2/org/apache/maven/plugins/maven-clean-plugin/3.1.0/maven-clean-plugin-3.1.0.jar
2025-11-25 12:46:08,484 [Worker-40: Creating java11-junit5] INFO  o.e.m.c.i.e.AbstractTransferListenerAdapter - Downloading https://repo.maven.apache.org/maven2/org/apache/maven/plugins/maven-resources-plugin/3.1.0/maven-resources-plugin-3.1.0.jar
2025-11-25 12:46:08,772 [Worker-40: Creating java11-junit5] INFO  o.e.m.c.i.e.AbstractTransferListenerAdapter - Downloaded https://repo.maven.apache.org/maven2/org/apache/maven/plugins/maven-resources-plugin/3.1.0/maven-resources-plugin-3.1.0.jar
2025-11-25 12:46:08,941 [Worker-40: Creating java11-junit5] INFO  o.e.m.c.i.e.AbstractTransferListenerAdapter - Downloading https://repo.maven.apache.org/maven2/org/apache/maven/plugins/maven-compiler-plugin/3.8.1/maven-compiler-plugin-3.8.1.jar
2025-11-25 12:46:08,975 [Worker-40: Creating java11-junit5] INFO  o.e.m.c.i.e.AbstractTransferListenerAdapter - Downloaded https://repo.maven.apache.org/maven2/org/apache/maven/plugins/maven-compiler-plugin/3.8.1/maven-compiler-plugin-3.8.1.jar
2025-11-25 12:46:09,343 [Worker-40: Creating java11-junit5] INFO  o.e.m.c.i.e.AbstractTransferListenerAdapter - Downloading https://repo.maven.apache.org/maven2/org/apache/maven/plugins/maven-surefire-plugin/3.0.0-M4/maven-surefire-plugin-3.0.0-M4.jar
2025-11-25 12:46:09,565 [Worker-40: Creating java11-junit5] INFO  o.e.m.c.i.e.AbstractTransferListenerAdapter - Downloaded https://repo.maven.apache.org/maven2/org/apache/maven/plugins/maven-surefire-plugin/3.0.0-M4/maven-surefire-plugin-3.0.0-M4.jar
2025-11-25 12:46:09,699 [Worker-40: Creating java11-junit5] INFO  o.e.m.c.i.e.AbstractTransferListenerAdapter - Downloading https://repo.maven.apache.org/maven2/org/apache/maven/plugins/maven-jar-plugin/3.2.0/maven-jar-plugin-3.2.0.jar
2025-11-25 12:46:09,965 [Worker-40: Creating java11-junit5] INFO  o.e.m.c.i.e.AbstractTransferListenerAdapter - Downloaded https://repo.maven.apache.org/maven2/org/apache/maven/plugins/maven-jar-plugin/3.2.0/maven-jar-plugin-3.2.0.jar
2025-11-25 12:46:10,133 [Worker-40: Creating java11-junit5] INFO  o.e.m.c.i.e.AbstractTransferListenerAdapter - Downloading https://repo.maven.apache.org/maven2/org/apache/maven/plugins/maven-shade-plugin/3.2.2/maven-shade-plugin-3.2.2.jar
2025-11-25 12:46:10,245 [Worker-40: Creating java11-junit5] INFO  o.e.m.c.i.e.AbstractTransferListenerAdapter - Downloaded https://repo.maven.apache.org/maven2/org/apache/maven/plugins/maven-shade-plugin/3.2.2/maven-shade-plugin-3.2.2.jar
2025-11-25 12:46:10,290 [Worker-40: Creating java11-junit5] INFO  o.e.m.c.i.e.AbstractTransferListenerAdapter - Downloading https://repo.maven.apache.org/maven2/org/apache/maven/plugins/maven-install-plugin/3.0.0-M1/maven-install-plugin-3.0.0-M1.jar
2025-11-25 12:46:10,543 [Worker-40: Creating java11-junit5] INFO  o.e.m.c.i.e.AbstractTransferListenerAdapter - Downloaded https://repo.maven.apache.org/maven2/org/apache/maven/plugins/maven-install-plugin/3.0.0-M1/maven-install-plugin-3.0.0-M1.jar
2025-11-25 12:46:10,705 [Worker-40: Creating java11-junit5] INFO  o.e.m.c.i.e.AbstractTransferListenerAdapter - Downloading https://repo.maven.apache.org/maven2/org/apache/maven/plugins/maven-compiler-plugin/3.8.1/maven-compiler-plugin-3.8.1.pom
2025-11-25 12:46:10,739 [Worker-40: Creating java11-junit5] INFO  o.e.m.c.i.e.AbstractTransferListenerAdapter - Downloaded https://repo.maven.apache.org/maven2/org/apache/maven/plugins/maven-compiler-plugin/3.8.1/maven-compiler-plugin-3.8.1.pom
2025-11-25 12:46:10,783 [Worker-40: Creating java11-junit5] INFO  o.e.m.c.i.e.AbstractTransferListenerAdapter - Downloading https://repo.maven.apache.org/maven2/org/apache/maven/plugins/maven-plugins/33/maven-plugins-33.pom
2025-11-25 12:46:10,816 [Worker-40: Creating java11-junit5] INFO  o.e.m.c.i.e.AbstractTransferListenerAdapter - Downloaded https://repo.maven.apache.org/maven2/org/apache/maven/plugins/maven-plugins/33/maven-plugins-33.pom
2025-11-25 12:46:10,857 [Worker-40: Creating java11-junit5] INFO  o.e.m.c.i.e.AbstractTransferListenerAdapter - Downloading https://repo.maven.apache.org/maven2/org/apache/maven/maven-parent/33/maven-parent-33.pom
2025-11-25 12:46:10,885 [Worker-40: Creating java11-junit5] INFO  o.e.m.c.i.e.AbstractTransferListenerAdapter - Downloaded https://repo.maven.apache.org/maven2/org/apache/maven/maven-parent/33/maven-parent-33.pom
2025-11-25 12:46:10,928 [Worker-40: Creating java11-junit5] INFO  o.e.m.c.i.e.AbstractTransferListenerAdapter - Downloading https://repo.maven.apache.org/maven2/org/apache/apache/21/apache-21.pom
2025-11-25 12:46:11,235 [Worker-40: Creating java11-junit5] INFO  o.e.m.c.i.e.AbstractTransferListenerAdapter - Downloaded https://repo.maven.apache.org/maven2/org/apache/apache/21/apache-21.pom
2025-11-25 12:46:11,286 [Worker-40: Creating java11-junit5] INFO  o.e.m.c.i.e.AbstractTransferListenerAdapter - Downloading https://repo.maven.apache.org/maven2/org/apache/maven/maven-plugin-api/3.0/maven-plugin-api-3.0.pom
2025-11-25 12:46:11,313 [Worker-40: Creating java11-junit5] INFO  o.e.m.c.i.e.AbstractTransferListenerAdapter - Downloaded https://repo.maven.apache.org/maven2/org/apache/maven/maven-plugin-api/3.0/maven-plugin-api-3.0.pom
2025-11-25 12:46:11,340 [Worker-40: Creating java11-junit5] INFO  o.e.m.c.i.e.AbstractTransferListenerAdapter - Downloading https://repo.maven.apache.org/maven2/org/apache/maven/maven/3.0/maven-3.0.pom
2025-11-25 12:46:11,373 [Worker-40: Creating java11-junit5] INFO  o.e.m.c.i.e.AbstractTransferListenerAdapter - Downloaded https://repo.maven.apache.org/maven2/org/apache/maven/maven/3.0/maven-3.0.pom
2025-11-25 12:46:11,413 [Worker-40: Creating java11-junit5] INFO  o.e.m.c.i.e.AbstractTransferListenerAdapter - Downloading https://repo.maven.apache.org/maven2/org/apache/maven/maven-parent/15/maven-parent-15.pom
2025-11-25 12:46:11,444 [Worker-40: Creating java11-junit5] INFO  o.e.m.c.i.e.AbstractTransferListenerAdapter - Downloaded https://repo.maven.apache.org/maven2/org/apache/maven/maven-parent/15/maven-parent-15.pom
2025-11-25 12:46:11,490 [Worker-40: Creating java11-junit5] INFO  o.e.m.c.i.e.AbstractTransferListenerAdapter - Downloading https://repo.maven.apache.org/maven2/org/apache/apache/6/apache-6.pom
2025-11-25 12:46:11,519 [Worker-40: Creating java11-junit5] INFO  o.e.m.c.i.e.AbstractTransferListenerAdapter - Downloaded https://repo.maven.apache.org/maven2/org/apache/apache/6/apache-6.pom
2025-11-25 12:46:11,562 [Worker-40: Creating java11-junit5] INFO  o.e.m.c.i.e.AbstractTransferListenerAdapter - Downloading https://repo.maven.apache.org/maven2/org/apache/maven/maven-model/3.0/maven-model-3.0.pom
2025-11-25 12:46:11,590 [Worker-40: Creating java11-junit5] INFO  o.e.m.c.i.e.AbstractTransferListenerAdapter - Downloaded https://repo.maven.apache.org/maven2/org/apache/maven/maven-model/3.0/maven-model-3.0.pom
2025-11-25 12:46:11,619 [Worker-40: Creating java11-junit5] INFO  o.e.m.c.i.e.AbstractTransferListenerAdapter - Downloading https://repo.maven.apache.org/maven2/org/codehaus/plexus/plexus-utils/2.0.4/plexus-utils-2.0.4.pom
2025-11-25 12:46:11,647 [Worker-40: Creating java11-junit5] INFO  o.e.m.c.i.e.AbstractTransferListenerAdapter - Downloaded https://repo.maven.apache.org/maven2/org/codehaus/plexus/plexus-utils/2.0.4/plexus-utils-2.0.4.pom
2025-11-25 12:46:11,678 [Worker-40: Creating java11-junit5] INFO  o.e.m.c.i.e.AbstractTransferListenerAdapter - Downloading https://repo.maven.apache.org/maven2/org/codehaus/plexus/plexus/2.0.6/plexus-2.0.6.pom
2025-11-25 12:46:11,707 [Worker-40: Creating java11-junit5] INFO  o.e.m.c.i.e.AbstractTransferListenerAdapter - Downloaded https://repo.maven.apache.org/maven2/org/codehaus/plexus/plexus/2.0.6/plexus-2.0.6.pom
2025-11-25 12:46:11,751 [Worker-40: Creating java11-junit5] INFO  o.e.m.c.i.e.AbstractTransferListenerAdapter - Downloading https://repo.maven.apache.org/maven2/org/apache/maven/maven-artifact/3.0/maven-artifact-3.0.pom
2025-11-25 12:46:11,778 [Worker-40: Creating java11-junit5] INFO  o.e.m.c.i.e.AbstractTransferListenerAdapter - Downloaded https://repo.maven.apache.org/maven2/org/apache/maven/maven-artifact/3.0/maven-artifact-3.0.pom
2025-11-25 12:46:11,810 [Worker-40: Creating java11-junit5] INFO  o.e.m.c.i.e.AbstractTransferListenerAdapter - Downloading https://repo.maven.apache.org/maven2/org/sonatype/sisu/sisu-inject-plexus/1.4.2/sisu-inject-plexus-1.4.2.pom
2025-11-25 12:46:11,837 [Worker-40: Creating java11-junit5] INFO  o.e.m.c.i.e.AbstractTransferListenerAdapter - Downloaded https://repo.maven.apache.org/maven2/org/sonatype/sisu/sisu-inject-plexus/1.4.2/sisu-inject-plexus-1.4.2.pom
2025-11-25 12:46:11,869 [Worker-40: Creating java11-junit5] INFO  o.e.m.c.i.e.AbstractTransferListenerAdapter - Downloading https://repo.maven.apache.org/maven2/org/sonatype/sisu/inject/guice-plexus/1.4.2/guice-plexus-1.4.2.pom
2025-11-25 12:46:11,896 [Worker-40: Creating java11-junit5] INFO  o.e.m.c.i.e.AbstractTransferListenerAdapter - Downloaded https://repo.maven.apache.org/maven2/org/sonatype/sisu/inject/guice-plexus/1.4.2/guice-plexus-1.4.2.pom
2025-11-25 12:46:11,925 [Worker-40: Creating java11-junit5] INFO  o.e.m.c.i.e.AbstractTransferListenerAdapter - Downloading https://repo.maven.apache.org/maven2/org/sonatype/sisu/inject/guice-bean/1.4.2/guice-bean-1.4.2.pom
2025-11-25 12:46:11,951 [Worker-40: Creating java11-junit5] INFO  o.e.m.c.i.e.AbstractTransferListenerAdapter - Downloaded https://repo.maven.apache.org/maven2/org/sonatype/sisu/inject/guice-bean/1.4.2/guice-bean-1.4.2.pom
2025-11-25 12:46:11,990 [Worker-40: Creating java11-junit5] INFO  o.e.m.c.i.e.AbstractTransferListenerAdapter - Downloading https://repo.maven.apache.org/maven2/org/sonatype/sisu/sisu-inject/1.4.2/sisu-inject-1.4.2.pom
2025-11-25 12:46:12,015 [Worker-40: Creating java11-junit5] INFO  o.e.m.c.i.e.AbstractTransferListenerAdapter - Downloaded https://repo.maven.apache.org/maven2/org/sonatype/sisu/sisu-inject/1.4.2/sisu-inject-1.4.2.pom
2025-11-25 12:46:12,045 [Worker-40: Creating java11-junit5] INFO  o.e.m.c.i.e.AbstractTransferListenerAdapter - Downloading https://repo.maven.apache.org/maven2/org/sonatype/sisu/sisu-parent/1.4.2/sisu-parent-1.4.2.pom
2025-11-25 12:46:12,071 [Worker-40: Creating java11-junit5] INFO  o.e.m.c.i.e.AbstractTransferListenerAdapter - Downloaded https://repo.maven.apache.org/maven2/org/sonatype/sisu/sisu-parent/1.4.2/sisu-parent-1.4.2.pom
2025-11-25 12:46:12,111 [Worker-40: Creating java11-junit5] INFO  o.e.m.c.i.e.AbstractTransferListenerAdapter - Downloading https://repo.maven.apache.org/maven2/org/sonatype/forge/forge-parent/6/forge-parent-6.pom
2025-11-25 12:46:12,140 [Worker-40: Creating java11-junit5] INFO  o.e.m.c.i.e.AbstractTransferListenerAdapter - Downloaded https://repo.maven.apache.org/maven2/org/sonatype/forge/forge-parent/6/forge-parent-6.pom
2025-11-25 12:46:12,178 [Worker-40: Creating java11-junit5] INFO  o.e.m.c.i.e.AbstractTransferListenerAdapter - Downloading https://repo.maven.apache.org/maven2/org/codehaus/plexus/plexus-component-annotations/1.7.1/plexus-component-annotations-1.7.1.pom
2025-11-25 12:46:12,203 [Worker-40: Creating java11-junit5] INFO  o.e.m.c.i.e.AbstractTransferListenerAdapter - Downloaded https://repo.maven.apache.org/maven2/org/codehaus/plexus/plexus-component-annotations/1.7.1/plexus-component-annotations-1.7.1.pom
2025-11-25 12:46:12,232 [Worker-40: Creating java11-junit5] INFO  o.e.m.c.i.e.AbstractTransferListenerAdapter - Downloading https://repo.maven.apache.org/maven2/org/codehaus/plexus/plexus-containers/1.7.1/plexus-containers-1.7.1.pom
2025-11-25 12:46:12,259 [Worker-40: Creating java11-junit5] INFO  o.e.m.c.i.e.AbstractTransferListenerAdapter - Downloaded https://repo.maven.apache.org/maven2/org/codehaus/plexus/plexus-containers/1.7.1/plexus-containers-1.7.1.pom
2025-11-25 12:46:12,291 [Worker-40: Creating java11-junit5] INFO  o.e.m.c.i.e.AbstractTransferListenerAdapter - Downloading https://repo.maven.apache.org/maven2/org/codehaus/plexus/plexus/4.0/plexus-4.0.pom
2025-11-25 12:46:12,319 [Worker-40: Creating java11-junit5] INFO  o.e.m.c.i.e.AbstractTransferListenerAdapter - Downloaded https://repo.maven.apache.org/maven2/org/codehaus/plexus/plexus/4.0/plexus-4.0.pom
2025-11-25 12:46:12,359 [Worker-40: Creating java11-junit5] INFO  o.e.m.c.i.e.AbstractTransferListenerAdapter - Downloading https://repo.maven.apache.org/maven2/org/codehaus/plexus/plexus-classworlds/2.2.3/plexus-classworlds-2.2.3.pom
2025-11-25 12:46:12,386 [Worker-40: Creating java11-junit5] INFO  o.e.m.c.i.e.AbstractTransferListenerAdapter - Downloaded https://repo.maven.apache.org/maven2/org/codehaus/plexus/plexus-classworlds/2.2.3/plexus-classworlds-2.2.3.pom
2025-11-25 12:46:12,418 [Worker-40: Creating java11-junit5] INFO  o.e.m.c.i.e.AbstractTransferListenerAdapter - Downloading https://repo.maven.apache.org/maven2/org/codehaus/plexus/plexus-utils/2.0.5/plexus-utils-2.0.5.pom
2025-11-25 12:46:12,446 [Worker-40: Creating java11-junit5] INFO  o.e.m.c.i.e.AbstractTransferListenerAdapter - Downloaded https://repo.maven.apache.org/maven2/org/codehaus/plexus/plexus-utils/2.0.5/plexus-utils-2.0.5.pom
2025-11-25 12:46:12,481 [Worker-40: Creating java11-junit5] INFO  o.e.m.c.i.e.AbstractTransferListenerAdapter - Downloading https://repo.maven.apache.org/maven2/org/sonatype/sisu/sisu-inject-bean/1.4.2/sisu-inject-bean-1.4.2.pom
2025-11-25 12:46:12,506 [Worker-40: Creating java11-junit5] INFO  o.e.m.c.i.e.AbstractTransferListenerAdapter - Downloaded https://repo.maven.apache.org/maven2/org/sonatype/sisu/sisu-inject-bean/1.4.2/sisu-inject-bean-1.4.2.pom
2025-11-25 12:46:12,538 [Worker-40: Creating java11-junit5] INFO  o.e.m.c.i.e.AbstractTransferListenerAdapter - Downloading https://repo.maven.apache.org/maven2/org/sonatype/sisu/sisu-guice/2.1.7/sisu-guice-2.1.7.pom
2025-11-25 12:46:12,566 [Worker-40: Creating java11-junit5] INFO  o.e.m.c.i.e.AbstractTransferListenerAdapter - Downloaded https://repo.maven.apache.org/maven2/org/sonatype/sisu/sisu-guice/2.1.7/sisu-guice-2.1.7.pom
2025-11-25 12:46:12,604 [Worker-40: Creating java11-junit5] INFO  o.e.m.c.i.e.AbstractTransferListenerAdapter - Downloading https://repo.maven.apache.org/maven2/org/apache/maven/maven-core/3.0/maven-core-3.0.pom
2025-11-25 12:46:12,629 [Worker-40: Creating java11-junit5] INFO  o.e.m.c.i.e.AbstractTransferListenerAdapter - Downloaded https://repo.maven.apache.org/maven2/org/apache/maven/maven-core/3.0/maven-core-3.0.pom
2025-11-25 12:46:12,659 [Worker-40: Creating java11-junit5] INFO  o.e.m.c.i.e.AbstractTransferListenerAdapter - Downloading https://repo.maven.apache.org/maven2/org/apache/maven/maven-settings/3.0/maven-settings-3.0.pom
2025-11-25 12:46:12,684 [Worker-40: Creating java11-junit5] INFO  o.e.m.c.i.e.AbstractTransferListenerAdapter - Downloaded https://repo.maven.apache.org/maven2/org/apache/maven/maven-settings/3.0/maven-settings-3.0.pom
2025-11-25 12:46:12,715 [Worker-40: Creating java11-junit5] INFO  o.e.m.c.i.e.AbstractTransferListenerAdapter - Downloading https://repo.maven.apache.org/maven2/org/apache/maven/maven-settings-builder/3.0/maven-settings-builder-3.0.pom
2025-11-25 12:46:12,742 [Worker-40: Creating java11-junit5] INFO  o.e.m.c.i.e.AbstractTransferListenerAdapter - Downloaded https://repo.maven.apache.org/maven2/org/apache/maven/maven-settings-builder/3.0/maven-settings-builder-3.0.pom
2025-11-25 12:46:12,775 [Worker-40: Creating java11-junit5] INFO  o.e.m.c.i.e.AbstractTransferListenerAdapter - Downloading https://repo.maven.apache.org/maven2/org/codehaus/plexus/plexus-interpolation/1.14/plexus-interpolation-1.14.pom
2025-11-25 12:46:12,800 [Worker-40: Creating java11-junit5] INFO  o.e.m.c.i.e.AbstractTransferListenerAdapter - Downloaded https://repo.maven.apache.org/maven2/org/codehaus/plexus/plexus-interpolation/1.14/plexus-interpolation-1.14.pom
2025-11-25 12:46:12,829 [Worker-40: Creating java11-junit5] INFO  o.e.m.c.i.e.AbstractTransferListenerAdapter - Downloading https://repo.maven.apache.org/maven2/org/codehaus/plexus/plexus-components/1.1.18/plexus-components-1.1.18.pom
2025-11-25 12:46:12,854 [Worker-40: Creating java11-junit5] INFO  o.e.m.c.i.e.AbstractTransferListenerAdapter - Downloaded https://repo.maven.apache.org/maven2/org/codehaus/plexus/plexus-components/1.1.18/plexus-components-1.1.18.pom
2025-11-25 12:46:12,892 [Worker-40: Creating java11-junit5] INFO  o.e.m.c.i.e.AbstractTransferListenerAdapter - Downloading https://repo.maven.apache.org/maven2/org/codehaus/plexus/plexus-utils/1.5.5/plexus-utils-1.5.5.pom
2025-11-25 12:46:12,919 [Worker-40: Creating java11-junit5] INFO  o.e.m.c.i.e.AbstractTransferListenerAdapter - Downloaded https://repo.maven.apache.org/maven2/org/codehaus/plexus/plexus-utils/1.5.5/plexus-utils-1.5.5.pom
2025-11-25 12:46:12,947 [Worker-40: Creating java11-junit5] INFO  o.e.m.c.i.e.AbstractTransferListenerAdapter - Downloading https://repo.maven.apache.org/maven2/org/codehaus/plexus/plexus/1.0.11/plexus-1.0.11.pom
2025-11-25 12:46:12,977 [Worker-40: Creating java11-junit5] INFO  o.e.m.c.i.e.AbstractTransferListenerAdapter - Downloaded https://repo.maven.apache.org/maven2/org/codehaus/plexus/plexus/1.0.11/plexus-1.0.11.pom
2025-11-25 12:46:13,024 [Worker-40: Creating java11-junit5] INFO  o.e.m.c.i.e.AbstractTransferListenerAdapter - Downloading https://repo.maven.apache.org/maven2/org/apache/maven/maven-repository-metadata/3.0/maven-repository-metadata-3.0.pom
2025-11-25 12:46:13,050 [Worker-40: Creating java11-junit5] INFO  o.e.m.c.i.e.AbstractTransferListenerAdapter - Downloaded https://repo.maven.apache.org/maven2/org/apache/maven/maven-repository-metadata/3.0/maven-repository-metadata-3.0.pom
2025-11-25 12:46:13,082 [Worker-40: Creating java11-junit5] INFO  o.e.m.c.i.e.AbstractTransferListenerAdapter - Downloading https://repo.maven.apache.org/maven2/org/apache/maven/maven-model-builder/3.0/maven-model-builder-3.0.pom
2025-11-25 12:46:13,108 [Worker-40: Creating java11-junit5] INFO  o.e.m.c.i.e.AbstractTransferListenerAdapter - Downloaded https://repo.maven.apache.org/maven2/org/apache/maven/maven-model-builder/3.0/maven-model-builder-3.0.pom
2025-11-25 12:46:13,141 [Worker-40: Creating java11-junit5] INFO  o.e.m.c.i.e.AbstractTransferListenerAdapter - Downloading https://repo.maven.apache.org/maven2/org/apache/maven/maven-aether-provider/3.0/maven-aether-provider-3.0.pom
2025-11-25 12:46:13,167 [Worker-40: Creating java11-junit5] INFO  o.e.m.c.i.e.AbstractTransferListenerAdapter - Downloaded https://repo.maven.apache.org/maven2/org/apache/maven/maven-aether-provider/3.0/maven-aether-provider-3.0.pom
2025-11-25 12:46:13,199 [Worker-40: Creating java11-junit5] INFO  o.e.m.c.i.e.AbstractTransferListenerAdapter - Downloading https://repo.maven.apache.org/maven2/org/sonatype/aether/aether-api/1.7/aether-api-1.7.pom
2025-11-25 12:46:13,226 [Worker-40: Creating java11-junit5] INFO  o.e.m.c.i.e.AbstractTransferListenerAdapter - Downloaded https://repo.maven.apache.org/maven2/org/sonatype/aether/aether-api/1.7/aether-api-1.7.pom
2025-11-25 12:46:13,259 [Worker-40: Creating java11-junit5] INFO  o.e.m.c.i.e.AbstractTransferListenerAdapter - Downloading https://repo.maven.apache.org/maven2/org/sonatype/aether/aether-parent/1.7/aether-parent-1.7.pom
2025-11-25 12:46:13,285 [Worker-40: Creating java11-junit5] INFO  o.e.m.c.i.e.AbstractTransferListenerAdapter - Downloaded https://repo.maven.apache.org/maven2/org/sonatype/aether/aether-parent/1.7/aether-parent-1.7.pom
2025-11-25 12:46:13,320 [Worker-40: Creating java11-junit5] INFO  o.e.m.c.i.e.AbstractTransferListenerAdapter - Downloading https://repo.maven.apache.org/maven2/org/sonatype/aether/aether-util/1.7/aether-util-1.7.pom
2025-11-25 12:46:13,346 [Worker-40: Creating java11-junit5] INFO  o.e.m.c.i.e.AbstractTransferListenerAdapter - Downloaded https://repo.maven.apache.org/maven2/org/sonatype/aether/aether-util/1.7/aether-util-1.7.pom
2025-11-25 12:46:13,378 [Worker-40: Creating java11-junit5] INFO  o.e.m.c.i.e.AbstractTransferListenerAdapter - Downloading https://repo.maven.apache.org/maven2/org/sonatype/aether/aether-impl/1.7/aether-impl-1.7.pom
2025-11-25 12:46:13,406 [Worker-40: Creating java11-junit5] INFO  o.e.m.c.i.e.AbstractTransferListenerAdapter - Downloaded https://repo.maven.apache.org/maven2/org/sonatype/aether/aether-impl/1.7/aether-impl-1.7.pom
2025-11-25 12:46:13,439 [Worker-40: Creating java11-junit5] INFO  o.e.m.c.i.e.AbstractTransferListenerAdapter - Downloading https://repo.maven.apache.org/maven2/org/sonatype/aether/aether-spi/1.7/aether-spi-1.7.pom
2025-11-25 12:46:13,465 [Worker-40: Creating java11-junit5] INFO  o.e.m.c.i.e.AbstractTransferListenerAdapter - Downloaded https://repo.maven.apache.org/maven2/org/sonatype/aether/aether-spi/1.7/aether-spi-1.7.pom
2025-11-25 12:46:13,498 [Worker-40: Creating java11-junit5] INFO  o.e.m.c.i.e.AbstractTransferListenerAdapter - Downloading https://repo.maven.apache.org/maven2/org/apache/maven/shared/maven-shared-utils/3.2.1/maven-shared-utils-3.2.1.pom
2025-11-25 12:46:13,525 [Worker-40: Creating java11-junit5] INFO  o.e.m.c.i.e.AbstractTransferListenerAdapter - Downloaded https://repo.maven.apache.org/maven2/org/apache/maven/shared/maven-shared-utils/3.2.1/maven-shared-utils-3.2.1.pom
2025-11-25 12:46:13,557 [Worker-40: Creating java11-junit5] INFO  o.e.m.c.i.e.AbstractTransferListenerAdapter - Downloading https://repo.maven.apache.org/maven2/org/apache/maven/shared/maven-shared-components/30/maven-shared-components-30.pom
2025-11-25 12:46:13,585 [Worker-40: Creating java11-junit5] INFO  o.e.m.c.i.e.AbstractTransferListenerAdapter - Downloaded https://repo.maven.apache.org/maven2/org/apache/maven/shared/maven-shared-components/30/maven-shared-components-30.pom
2025-11-25 12:46:13,618 [Worker-40: Creating java11-junit5] INFO  o.e.m.c.i.e.AbstractTransferListenerAdapter - Downloading https://repo.maven.apache.org/maven2/org/apache/maven/maven-parent/30/maven-parent-30.pom
2025-11-25 12:46:13,648 [Worker-40: Creating java11-junit5] INFO  o.e.m.c.i.e.AbstractTransferListenerAdapter - Downloaded https://repo.maven.apache.org/maven2/org/apache/maven/maven-parent/30/maven-parent-30.pom
2025-11-25 12:46:13,692 [Worker-40: Creating java11-junit5] INFO  o.e.m.c.i.e.AbstractTransferListenerAdapter - Downloading https://repo.maven.apache.org/maven2/org/apache/apache/18/apache-18.pom
2025-11-25 12:46:13,721 [Worker-40: Creating java11-junit5] INFO  o.e.m.c.i.e.AbstractTransferListenerAdapter - Downloaded https://repo.maven.apache.org/maven2/org/apache/apache/18/apache-18.pom
2025-11-25 12:46:13,763 [Worker-40: Creating java11-junit5] INFO  o.e.m.c.i.e.AbstractTransferListenerAdapter - Downloading https://repo.maven.apache.org/maven2/commons-io/commons-io/2.5/commons-io-2.5.pom
2025-11-25 12:46:13,793 [Worker-40: Creating java11-junit5] INFO  o.e.m.c.i.e.AbstractTransferListenerAdapter - Downloaded https://repo.maven.apache.org/maven2/commons-io/commons-io/2.5/commons-io-2.5.pom
2025-11-25 12:46:13,890 [Worker-40: Creating java11-junit5] INFO  o.e.m.c.i.e.AbstractTransferListenerAdapter - Downloading https://repo.maven.apache.org/maven2/org/apache/maven/maven-plugin-api/2.2.1/maven-plugin-api-2.2.1.pom
2025-11-25 12:46:13,915 [Worker-40: Creating java11-junit5] INFO  o.e.m.c.i.e.AbstractTransferListenerAdapter - Downloaded https://repo.maven.apache.org/maven2/org/apache/maven/maven-plugin-api/2.2.1/maven-plugin-api-2.2.1.pom
2025-11-25 12:46:13,946 [Worker-40: Creating java11-junit5] INFO  o.e.m.c.i.e.AbstractTransferListenerAdapter - Downloading https://repo.maven.apache.org/maven2/org/apache/maven/maven/2.2.1/maven-2.2.1.pom
2025-11-25 12:46:13,979 [Worker-40: Creating java11-junit5] INFO  o.e.m.c.i.e.AbstractTransferListenerAdapter - Downloaded https://repo.maven.apache.org/maven2/org/apache/maven/maven/2.2.1/maven-2.2.1.pom
2025-11-25 12:46:14,023 [Worker-40: Creating java11-junit5] INFO  o.e.m.c.i.e.AbstractTransferListenerAdapter - Downloading https://repo.maven.apache.org/maven2/org/apache/maven/maven-parent/11/maven-parent-11.pom
2025-11-25 12:46:14,053 [Worker-40: Creating java11-junit5] INFO  o.e.m.c.i.e.AbstractTransferListenerAdapter - Downloaded https://repo.maven.apache.org/maven2/org/apache/maven/maven-parent/11/maven-parent-11.pom
2025-11-25 12:46:14,091 [Worker-40: Creating java11-junit5] INFO  o.e.m.c.i.e.AbstractTransferListenerAdapter - Downloading https://repo.maven.apache.org/maven2/org/apache/apache/5/apache-5.pom
2025-11-25 12:46:14,121 [Worker-40: Creating java11-junit5] INFO  o.e.m.c.i.e.AbstractTransferListenerAdapter - Downloaded https://repo.maven.apache.org/maven2/org/apache/apache/5/apache-5.pom
2025-11-25 12:46:14,152 [Worker-40: Creating java11-junit5] INFO  o.e.m.c.i.e.AbstractTransferListenerAdapter - Downloading https://repo.maven.apache.org/maven2/org/apache/maven/maven-core/2.2.1/maven-core-2.2.1.pom
2025-11-25 12:46:14,180 [Worker-40: Creating java11-junit5] INFO  o.e.m.c.i.e.AbstractTransferListenerAdapter - Downloaded https://repo.maven.apache.org/maven2/org/apache/maven/maven-core/2.2.1/maven-core-2.2.1.pom
2025-11-25 12:46:14,220 [Worker-40: Creating java11-junit5] INFO  o.e.m.c.i.e.AbstractTransferListenerAdapter - Downloading https://repo.maven.apache.org/maven2/org/apache/maven/maven-settings/2.2.1/maven-settings-2.2.1.pom
2025-11-25 12:46:14,247 [Worker-40: Creating java11-junit5] INFO  o.e.m.c.i.e.AbstractTransferListenerAdapter - Downloaded https://repo.maven.apache.org/maven2/org/apache/maven/maven-settings/2.2.1/maven-settings-2.2.1.pom
2025-11-25 12:46:14,276 [Worker-40: Creating java11-junit5] INFO  o.e.m.c.i.e.AbstractTransferListenerAdapter - Downloading https://repo.maven.apache.org/maven2/org/apache/maven/maven-model/2.2.1/maven-model-2.2.1.pom
2025-11-25 12:46:14,301 [Worker-40: Creating java11-junit5] INFO  o.e.m.c.i.e.AbstractTransferListenerAdapter - Downloaded https://repo.maven.apache.org/maven2/org/apache/maven/maven-model/2.2.1/maven-model-2.2.1.pom
2025-11-25 12:46:14,344 [Worker-40: Creating java11-junit5] INFO  o.e.m.c.i.e.AbstractTransferListenerAdapter - Downloading https://repo.maven.apache.org/maven2/org/codehaus/plexus/plexus-utils/1.5.15/plexus-utils-1.5.15.pom
2025-11-25 12:46:14,370 [Worker-40: Creating java11-junit5] INFO  o.e.m.c.i.e.AbstractTransferListenerAdapter - Downloaded https://repo.maven.apache.org/maven2/org/codehaus/plexus/plexus-utils/1.5.15/plexus-utils-1.5.15.pom
2025-11-25 12:46:14,401 [Worker-40: Creating java11-junit5] INFO  o.e.m.c.i.e.AbstractTransferListenerAdapter - Downloading https://repo.maven.apache.org/maven2/org/codehaus/plexus/plexus/2.0.2/plexus-2.0.2.pom
2025-11-25 12:46:14,433 [Worker-40: Creating java11-junit5] INFO  o.e.m.c.i.e.AbstractTransferListenerAdapter - Downloaded https://repo.maven.apache.org/maven2/org/codehaus/plexus/plexus/2.0.2/plexus-2.0.2.pom
2025-11-25 12:46:14,476 [Worker-40: Creating java11-junit5] INFO  o.e.m.c.i.e.AbstractTransferListenerAdapter - Downloading https://repo.maven.apache.org/maven2/org/codehaus/plexus/plexus-interpolation/1.11/plexus-interpolation-1.11.pom
2025-11-25 12:46:14,503 [Worker-40: Creating java11-junit5] INFO  o.e.m.c.i.e.AbstractTransferListenerAdapter - Downloaded https://repo.maven.apache.org/maven2/org/codehaus/plexus/plexus-interpolation/1.11/plexus-interpolation-1.11.pom
2025-11-25 12:46:14,539 [Worker-40: Creating java11-junit5] INFO  o.e.m.c.i.e.AbstractTransferListenerAdapter - Downloading https://repo.maven.apache.org/maven2/org/codehaus/plexus/plexus-components/1.1.14/plexus-components-1.1.14.pom
2025-11-25 12:46:14,568 [Worker-40: Creating java11-junit5] INFO  o.e.m.c.i.e.AbstractTransferListenerAdapter - Downloaded https://repo.maven.apache.org/maven2/org/codehaus/plexus/plexus-components/1.1.14/plexus-components-1.1.14.pom
2025-11-25 12:46:14,603 [Worker-40: Creating java11-junit5] INFO  o.e.m.c.i.e.AbstractTransferListenerAdapter - Downloading https://repo.maven.apache.org/maven2/org/apache/maven/maven-plugin-parameter-documenter/2.2.1/maven-plugin-parameter-documenter-2.2.1.pom
2025-11-25 12:46:14,631 [Worker-40: Creating java11-junit5] INFO  o.e.m.c.i.e.AbstractTransferListenerAdapter - Downloaded https://repo.maven.apache.org/maven2/org/apache/maven/maven-plugin-parameter-documenter/2.2.1/maven-plugin-parameter-documenter-2.2.1.pom
2025-11-25 12:46:14,667 [Worker-40: Creating java11-junit5] INFO  o.e.m.c.i.e.AbstractTransferListenerAdapter - Downloading https://repo.maven.apache.org/maven2/org/slf4j/slf4j-jdk14/1.5.6/slf4j-jdk14-1.5.6.pom
2025-11-25 12:46:14,695 [Worker-40: Creating java11-junit5] INFO  o.e.m.c.i.e.AbstractTransferListenerAdapter - Downloaded https://repo.maven.apache.org/maven2/org/slf4j/slf4j-jdk14/1.5.6/slf4j-jdk14-1.5.6.pom
2025-11-25 12:46:14,728 [Worker-40: Creating java11-junit5] INFO  o.e.m.c.i.e.AbstractTransferListenerAdapter - Downloading https://repo.maven.apache.org/maven2/org/slf4j/slf4j-parent/1.5.6/slf4j-parent-1.5.6.pom
2025-11-25 12:46:14,754 [Worker-40: Creating java11-junit5] INFO  o.e.m.c.i.e.AbstractTransferListenerAdapter - Downloaded https://repo.maven.apache.org/maven2/org/slf4j/slf4j-parent/1.5.6/slf4j-parent-1.5.6.pom
2025-11-25 12:46:14,783 [Worker-40: Creating java11-junit5] INFO  o.e.m.c.i.e.AbstractTransferListenerAdapter - Downloading https://repo.maven.apache.org/maven2/org/slf4j/slf4j-api/1.5.6/slf4j-api-1.5.6.pom
2025-11-25 12:46:14,810 [Worker-40: Creating java11-junit5] INFO  o.e.m.c.i.e.AbstractTransferListenerAdapter - Downloaded https://repo.maven.apache.org/maven2/org/slf4j/slf4j-api/1.5.6/slf4j-api-1.5.6.pom
2025-11-25 12:46:14,840 [Worker-40: Creating java11-junit5] INFO  o.e.m.c.i.e.AbstractTransferListenerAdapter - Downloading https://repo.maven.apache.org/maven2/org/slf4j/jcl-over-slf4j/1.5.6/jcl-over-slf4j-1.5.6.pom
2025-11-25 12:46:14,868 [Worker-40: Creating java11-junit5] INFO  o.e.m.c.i.e.AbstractTransferListenerAdapter - Downloaded https://repo.maven.apache.org/maven2/org/slf4j/jcl-over-slf4j/1.5.6/jcl-over-slf4j-1.5.6.pom
2025-11-25 12:46:14,900 [Worker-40: Creating java11-junit5] INFO  o.e.m.c.i.e.AbstractTransferListenerAdapter - Downloading https://repo.maven.apache.org/maven2/org/apache/maven/maven-profile/2.2.1/maven-profile-2.2.1.pom
2025-11-25 12:46:14,928 [Worker-40: Creating java11-junit5] INFO  o.e.m.c.i.e.AbstractTransferListenerAdapter - Downloaded https://repo.maven.apache.org/maven2/org/apache/maven/maven-profile/2.2.1/maven-profile-2.2.1.pom
2025-11-25 12:46:14,965 [Worker-40: Creating java11-junit5] INFO  o.e.m.c.i.e.AbstractTransferListenerAdapter - Downloading https://repo.maven.apache.org/maven2/org/apache/maven/maven-artifact/2.2.1/maven-artifact-2.2.1.pom
2025-11-25 12:46:14,989 [Worker-40: Creating java11-junit5] INFO  o.e.m.c.i.e.AbstractTransferListenerAdapter - Downloaded https://repo.maven.apache.org/maven2/org/apache/maven/maven-artifact/2.2.1/maven-artifact-2.2.1.pom
2025-11-25 12:46:15,020 [Worker-40: Creating java11-junit5] INFO  o.e.m.c.i.e.AbstractTransferListenerAdapter - Downloading https://repo.maven.apache.org/maven2/org/apache/maven/maven-repository-metadata/2.2.1/maven-repository-metadata-2.2.1.pom
2025-11-25 12:46:15,047 [Worker-40: Creating java11-junit5] INFO  o.e.m.c.i.e.AbstractTransferListenerAdapter - Downloaded https://repo.maven.apache.org/maven2/org/apache/maven/maven-repository-metadata/2.2.1/maven-repository-metadata-2.2.1.pom
2025-11-25 12:46:15,077 [Worker-40: Creating java11-junit5] INFO  o.e.m.c.i.e.AbstractTransferListenerAdapter - Downloading https://repo.maven.apache.org/maven2/org/apache/maven/maven-error-diagnostics/2.2.1/maven-error-diagnostics-2.2.1.pom
2025-11-25 12:46:15,103 [Worker-40: Creating java11-junit5] INFO  o.e.m.c.i.e.AbstractTransferListenerAdapter - Downloaded https://repo.maven.apache.org/maven2/org/apache/maven/maven-error-diagnostics/2.2.1/maven-error-diagnostics-2.2.1.pom
2025-11-25 12:46:15,135 [Worker-40: Creating java11-junit5] INFO  o.e.m.c.i.e.AbstractTransferListenerAdapter - Downloading https://repo.maven.apache.org/maven2/org/apache/maven/maven-project/2.2.1/maven-project-2.2.1.pom
2025-11-25 12:46:15,161 [Worker-40: Creating java11-junit5] INFO  o.e.m.c.i.e.AbstractTransferListenerAdapter - Downloaded https://repo.maven.apache.org/maven2/org/apache/maven/maven-project/2.2.1/maven-project-2.2.1.pom
2025-11-25 12:46:15,193 [Worker-40: Creating java11-junit5] INFO  o.e.m.c.i.e.AbstractTransferListenerAdapter - Downloading https://repo.maven.apache.org/maven2/org/apache/maven/maven-artifact-manager/2.2.1/maven-artifact-manager-2.2.1.pom
2025-11-25 12:46:15,219 [Worker-40: Creating java11-junit5] INFO  o.e.m.c.i.e.AbstractTransferListenerAdapter - Downloaded https://repo.maven.apache.org/maven2/org/apache/maven/maven-artifact-manager/2.2.1/maven-artifact-manager-2.2.1.pom
2025-11-25 12:46:15,258 [Worker-40: Creating java11-junit5] INFO  o.e.m.c.i.e.AbstractTransferListenerAdapter - Downloading https://repo.maven.apache.org/maven2/backport-util-concurrent/backport-util-concurrent/3.1/backport-util-concurrent-3.1.pom
2025-11-25 12:46:15,282 [Worker-40: Creating java11-junit5] INFO  o.e.m.c.i.e.AbstractTransferListenerAdapter - Downloaded https://repo.maven.apache.org/maven2/backport-util-concurrent/backport-util-concurrent/3.1/backport-util-concurrent-3.1.pom
2025-11-25 12:46:15,312 [Worker-40: Creating java11-junit5] INFO  o.e.m.c.i.e.AbstractTransferListenerAdapter - Downloading https://repo.maven.apache.org/maven2/org/apache/maven/maven-plugin-registry/2.2.1/maven-plugin-registry-2.2.1.pom
2025-11-25 12:46:15,338 [Worker-40: Creating java11-junit5] INFO  o.e.m.c.i.e.AbstractTransferListenerAdapter - Downloaded https://repo.maven.apache.org/maven2/org/apache/maven/maven-plugin-registry/2.2.1/maven-plugin-registry-2.2.1.pom
2025-11-25 12:46:15,370 [Worker-40: Creating java11-junit5] INFO  o.e.m.c.i.e.AbstractTransferListenerAdapter - Downloading https://repo.maven.apache.org/maven2/org/apache/maven/maven-plugin-descriptor/2.2.1/maven-plugin-descriptor-2.2.1.pom
2025-11-25 12:46:15,398 [Worker-40: Creating java11-junit5] INFO  o.e.m.c.i.e.AbstractTransferListenerAdapter - Downloaded https://repo.maven.apache.org/maven2/org/apache/maven/maven-plugin-descriptor/2.2.1/maven-plugin-descriptor-2.2.1.pom
2025-11-25 12:46:15,509 [Worker-40: Creating java11-junit5] INFO  o.e.m.c.i.e.AbstractTransferListenerAdapter - Downloading https://repo.maven.apache.org/maven2/org/apache/maven/maven-monitor/2.2.1/maven-monitor-2.2.1.pom
2025-11-25 12:46:15,535 [Worker-40: Creating java11-junit5] INFO  o.e.m.c.i.e.AbstractTransferListenerAdapter - Downloaded https://repo.maven.apache.org/maven2/org/apache/maven/maven-monitor/2.2.1/maven-monitor-2.2.1.pom
2025-11-25 12:46:15,571 [Worker-40: Creating java11-junit5] INFO  o.e.m.c.i.e.AbstractTransferListenerAdapter - Downloading https://repo.maven.apache.org/maven2/org/apache/maven/shared/maven-shared-utils/0.1/maven-shared-utils-0.1.pom
2025-11-25 12:46:15,597 [Worker-40: Creating java11-junit5] INFO  o.e.m.c.i.e.AbstractTransferListenerAdapter - Downloaded https://repo.maven.apache.org/maven2/org/apache/maven/shared/maven-shared-utils/0.1/maven-shared-utils-0.1.pom
2025-11-25 12:46:15,636 [Worker-40: Creating java11-junit5] INFO  o.e.m.c.i.e.AbstractTransferListenerAdapter - Downloading https://repo.maven.apache.org/maven2/org/apache/maven/shared/maven-shared-components/18/maven-shared-components-18.pom
2025-11-25 12:46:15,664 [Worker-40: Creating java11-junit5] INFO  o.e.m.c.i.e.AbstractTransferListenerAdapter - Downloaded https://repo.maven.apache.org/maven2/org/apache/maven/shared/maven-shared-components/18/maven-shared-components-18.pom
2025-11-25 12:46:15,694 [Worker-40: Creating java11-junit5] INFO  o.e.m.c.i.e.AbstractTransferListenerAdapter - Downloading https://repo.maven.apache.org/maven2/org/apache/maven/maven-parent/22/maven-parent-22.pom
2025-11-25 12:46:15,723 [Worker-40: Creating java11-junit5] INFO  o.e.m.c.i.e.AbstractTransferListenerAdapter - Downloaded https://repo.maven.apache.org/maven2/org/apache/maven/maven-parent/22/maven-parent-22.pom
2025-11-25 12:46:15,764 [Worker-40: Creating java11-junit5] INFO  o.e.m.c.i.e.AbstractTransferListenerAdapter - Downloading https://repo.maven.apache.org/maven2/org/apache/apache/11/apache-11.pom
2025-11-25 12:46:15,794 [Worker-40: Creating java11-junit5] INFO  o.e.m.c.i.e.AbstractTransferListenerAdapter - Downloaded https://repo.maven.apache.org/maven2/org/apache/apache/11/apache-11.pom
2025-11-25 12:46:15,841 [Worker-40: Creating java11-junit5] INFO  o.e.m.c.i.e.AbstractTransferListenerAdapter - Downloading https://repo.maven.apache.org/maven2/com/google/code/findbugs/jsr305/2.0.1/jsr305-2.0.1.pom
2025-11-25 12:46:15,868 [Worker-40: Creating java11-junit5] INFO  o.e.m.c.i.e.AbstractTransferListenerAdapter - Downloaded https://repo.maven.apache.org/maven2/com/google/code/findbugs/jsr305/2.0.1/jsr305-2.0.1.pom
2025-11-25 12:46:15,913 [Worker-40: Creating java11-junit5] INFO  o.e.m.c.i.e.AbstractTransferListenerAdapter - Downloading https://repo.maven.apache.org/maven2/org/codehaus/plexus/plexus-java/0.9.10/plexus-java-0.9.10.pom
2025-11-25 12:46:15,938 [Worker-40: Creating java11-junit5] INFO  o.e.m.c.i.e.AbstractTransferListenerAdapter - Downloaded https://repo.maven.apache.org/maven2/org/codehaus/plexus/plexus-java/0.9.10/plexus-java-0.9.10.pom
2025-11-25 12:46:15,966 [Worker-40: Creating java11-junit5] INFO  o.e.m.c.i.e.AbstractTransferListenerAdapter - Downloading https://repo.maven.apache.org/maven2/org/codehaus/plexus/plexus-languages/0.9.10/plexus-languages-0.9.10.pom
2025-11-25 12:46:15,994 [Worker-40: Creating java11-junit5] INFO  o.e.m.c.i.e.AbstractTransferListenerAdapter - Downloaded https://repo.maven.apache.org/maven2/org/codehaus/plexus/plexus-languages/0.9.10/plexus-languages-0.9.10.pom
2025-11-25 12:46:16,023 [Worker-40: Creating java11-junit5] INFO  o.e.m.c.i.e.AbstractTransferListenerAdapter - Downloading https://repo.maven.apache.org/maven2/org/ow2/asm/asm/6.2/asm-6.2.pom
2025-11-25 12:46:16,053 [Worker-40: Creating java11-junit5] INFO  o.e.m.c.i.e.AbstractTransferListenerAdapter - Downloaded https://repo.maven.apache.org/maven2/org/ow2/asm/asm/6.2/asm-6.2.pom
2025-11-25 12:46:16,081 [Worker-40: Creating java11-junit5] INFO  o.e.m.c.i.e.AbstractTransferListenerAdapter - Downloading https://repo.maven.apache.org/maven2/org/ow2/ow2/1.5/ow2-1.5.pom
2025-11-25 12:46:16,112 [Worker-40: Creating java11-junit5] INFO  o.e.m.c.i.e.AbstractTransferListenerAdapter - Downloaded https://repo.maven.apache.org/maven2/org/ow2/ow2/1.5/ow2-1.5.pom
2025-11-25 12:46:16,151 [Worker-40: Creating java11-junit5] INFO  o.e.m.c.i.e.AbstractTransferListenerAdapter - Downloading https://repo.maven.apache.org/maven2/com/thoughtworks/qdox/qdox/2.0-M9/qdox-2.0-M9.pom
2025-11-25 12:46:16,178 [Worker-40: Creating java11-junit5] INFO  o.e.m.c.i.e.AbstractTransferListenerAdapter - Downloaded https://repo.maven.apache.org/maven2/com/thoughtworks/qdox/qdox/2.0-M9/qdox-2.0-M9.pom
2025-11-25 12:46:16,225 [Worker-40: Creating java11-junit5] INFO  o.e.m.c.i.e.AbstractTransferListenerAdapter - Downloading https://repo.maven.apache.org/maven2/org/codehaus/plexus/plexus-compiler-api/2.8.4/plexus-compiler-api-2.8.4.pom
2025-11-25 12:46:16,249 [Worker-40: Creating java11-junit5] INFO  o.e.m.c.i.e.AbstractTransferListenerAdapter - Downloaded https://repo.maven.apache.org/maven2/org/codehaus/plexus/plexus-compiler-api/2.8.4/plexus-compiler-api-2.8.4.pom
2025-11-25 12:46:16,283 [Worker-40: Creating java11-junit5] INFO  o.e.m.c.i.e.AbstractTransferListenerAdapter - Downloading https://repo.maven.apache.org/maven2/org/codehaus/plexus/plexus-compiler/2.8.4/plexus-compiler-2.8.4.pom
2025-11-25 12:46:16,310 [Worker-40: Creating java11-junit5] INFO  o.e.m.c.i.e.AbstractTransferListenerAdapter - Downloaded https://repo.maven.apache.org/maven2/org/codehaus/plexus/plexus-compiler/2.8.4/plexus-compiler-2.8.4.pom
2025-11-25 12:46:16,338 [Worker-40: Creating java11-junit5] INFO  o.e.m.c.i.e.AbstractTransferListenerAdapter - Downloading https://repo.maven.apache.org/maven2/org/codehaus/plexus/plexus-components/4.0/plexus-components-4.0.pom
2025-11-25 12:46:16,364 [Worker-40: Creating java11-junit5] INFO  o.e.m.c.i.e.AbstractTransferListenerAdapter - Downloaded https://repo.maven.apache.org/maven2/org/codehaus/plexus/plexus-components/4.0/plexus-components-4.0.pom
2025-11-25 12:46:16,392 [Worker-40: Creating java11-junit5] INFO  o.e.m.c.i.e.AbstractTransferListenerAdapter - Downloading https://repo.maven.apache.org/maven2/org/codehaus/plexus/plexus-utils/3.0.22/plexus-utils-3.0.22.pom
2025-11-25 12:46:16,418 [Worker-40: Creating java11-junit5] INFO  o.e.m.c.i.e.AbstractTransferListenerAdapter - Downloaded https://repo.maven.apache.org/maven2/org/codehaus/plexus/plexus-utils/3.0.22/plexus-utils-3.0.22.pom
2025-11-25 12:46:16,456 [Worker-40: Creating java11-junit5] INFO  o.e.m.c.i.e.AbstractTransferListenerAdapter - Downloading https://repo.maven.apache.org/maven2/org/codehaus/plexus/plexus-compiler-manager/2.8.4/plexus-compiler-manager-2.8.4.pom
2025-11-25 12:46:16,480 [Worker-40: Creating java11-junit5] INFO  o.e.m.c.i.e.AbstractTransferListenerAdapter - Downloaded https://repo.maven.apache.org/maven2/org/codehaus/plexus/plexus-compiler-manager/2.8.4/plexus-compiler-manager-2.8.4.pom
2025-11-25 12:46:16,507 [Worker-40: Creating java11-junit5] INFO  o.e.m.c.i.e.AbstractTransferListenerAdapter - Downloading https://repo.maven.apache.org/maven2/org/codehaus/plexus/plexus-compiler-javac/2.8.4/plexus-compiler-javac-2.8.4.pom
2025-11-25 12:46:16,533 [Worker-40: Creating java11-junit5] INFO  o.e.m.c.i.e.AbstractTransferListenerAdapter - Downloaded https://repo.maven.apache.org/maven2/org/codehaus/plexus/plexus-compiler-javac/2.8.4/plexus-compiler-javac-2.8.4.pom
2025-11-25 12:46:16,565 [Worker-40: Creating java11-junit5] INFO  o.e.m.c.i.e.AbstractTransferListenerAdapter - Downloading https://repo.maven.apache.org/maven2/org/codehaus/plexus/plexus-compilers/2.8.4/plexus-compilers-2.8.4.pom
2025-11-25 12:46:16,591 [Worker-40: Creating java11-junit5] INFO  o.e.m.c.i.e.AbstractTransferListenerAdapter - Downloaded https://repo.maven.apache.org/maven2/org/codehaus/plexus/plexus-compilers/2.8.4/plexus-compilers-2.8.4.pom
2025-11-25 12:46:16,637 [Worker-40: Creating java11-junit5] INFO  o.e.m.c.i.e.AbstractTransferListenerAdapter - Downloading https://repo.maven.apache.org/maven2/org/apache/maven/maven-plugin-api/3.0/maven-plugin-api-3.0.jar
2025-11-25 12:46:17,151 [Worker-40: Creating java11-junit5] INFO  o.e.m.c.i.e.AbstractTransferListenerAdapter - Downloaded https://repo.maven.apache.org/maven2/org/apache/maven/maven-plugin-api/3.0/maven-plugin-api-3.0.jar
2025-11-25 12:46:17,179 [BasicRepositoryConnector-repo.maven.apache.org-5-3] INFO  o.e.m.c.i.e.AbstractTransferListenerAdapter - Downloading https://repo.maven.apache.org/maven2/org/sonatype/sisu/sisu-guice/2.1.7/sisu-guice-2.1.7-noaop.jar
2025-11-25 12:46:17,250 [BasicRepositoryConnector-repo.maven.apache.org-5-0] INFO  o.e.m.c.i.e.AbstractTransferListenerAdapter - Downloading https://repo.maven.apache.org/maven2/org/apache/maven/maven-model/3.0/maven-model-3.0.jar
2025-11-25 12:46:17,281 [BasicRepositoryConnector-repo.maven.apache.org-5-2] INFO  o.e.m.c.i.e.AbstractTransferListenerAdapter - Downloading https://repo.maven.apache.org/maven2/org/sonatype/sisu/sisu-inject-bean/1.4.2/sisu-inject-bean-1.4.2.jar
2025-11-25 12:46:17,351 [BasicRepositoryConnector-repo.maven.apache.org-5-4] INFO  o.e.m.c.i.e.AbstractTransferListenerAdapter - Downloading https://repo.maven.apache.org/maven2/org/apache/maven/maven-artifact/3.0/maven-artifact-3.0.jar
2025-11-25 12:46:17,377 [BasicRepositoryConnector-repo.maven.apache.org-5-1] INFO  o.e.m.c.i.e.AbstractTransferListenerAdapter - Downloading https://repo.maven.apache.org/maven2/org/sonatype/sisu/sisu-inject-plexus/1.4.2/sisu-inject-plexus-1.4.2.jar
2025-11-25 12:46:17,400 [BasicRepositoryConnector-repo.maven.apache.org-5-3] INFO  o.e.m.c.i.e.AbstractTransferListenerAdapter - Downloaded https://repo.maven.apache.org/maven2/org/sonatype/sisu/sisu-guice/2.1.7/sisu-guice-2.1.7-noaop.jar
2025-11-25 12:46:17,421 [BasicRepositoryConnector-repo.maven.apache.org-5-4] INFO  o.e.m.c.i.e.AbstractTransferListenerAdapter - Downloaded https://repo.maven.apache.org/maven2/org/apache/maven/maven-artifact/3.0/maven-artifact-3.0.jar
2025-11-25 12:46:17,452 [BasicRepositoryConnector-repo.maven.apache.org-5-2] INFO  o.e.m.c.i.e.AbstractTransferListenerAdapter - Downloaded https://repo.maven.apache.org/maven2/org/sonatype/sisu/sisu-inject-bean/1.4.2/sisu-inject-bean-1.4.2.jar
2025-11-25 12:46:17,452 [BasicRepositoryConnector-repo.maven.apache.org-5-4] INFO  o.e.m.c.i.e.AbstractTransferListenerAdapter - Downloading https://repo.maven.apache.org/maven2/org/apache/maven/maven-core/3.0/maven-core-3.0.jar
2025-11-25 12:46:17,460 [BasicRepositoryConnector-repo.maven.apache.org-5-0] INFO  o.e.m.c.i.e.AbstractTransferListenerAdapter - Downloaded https://repo.maven.apache.org/maven2/org/apache/maven/maven-model/3.0/maven-model-3.0.jar
2025-11-25 12:46:17,477 [BasicRepositoryConnector-repo.maven.apache.org-5-3] INFO  o.e.m.c.i.e.AbstractTransferListenerAdapter - Downloading https://repo.maven.apache.org/maven2/org/codehaus/plexus/plexus-utils/2.0.4/plexus-utils-2.0.4.jar
2025-11-25 12:46:17,480 [BasicRepositoryConnector-repo.maven.apache.org-5-1] INFO  o.e.m.c.i.e.AbstractTransferListenerAdapter - Downloaded https://repo.maven.apache.org/maven2/org/sonatype/sisu/sisu-inject-plexus/1.4.2/sisu-inject-plexus-1.4.2.jar
2025-11-25 12:46:17,545 [BasicRepositoryConnector-repo.maven.apache.org-5-0] INFO  o.e.m.c.i.e.AbstractTransferListenerAdapter - Downloading https://repo.maven.apache.org/maven2/org/apache/maven/maven-settings-builder/3.0/maven-settings-builder-3.0.jar
2025-11-25 12:46:17,547 [BasicRepositoryConnector-repo.maven.apache.org-5-2] INFO  o.e.m.c.i.e.AbstractTransferListenerAdapter - Downloading https://repo.maven.apache.org/maven2/org/apache/maven/maven-settings/3.0/maven-settings-3.0.jar
2025-11-25 12:46:17,571 [BasicRepositoryConnector-repo.maven.apache.org-5-1] INFO  o.e.m.c.i.e.AbstractTransferListenerAdapter - Downloading https://repo.maven.apache.org/maven2/org/apache/maven/maven-repository-metadata/3.0/maven-repository-metadata-3.0.jar
2025-11-25 12:46:17,630 [BasicRepositoryConnector-repo.maven.apache.org-5-4] INFO  o.e.m.c.i.e.AbstractTransferListenerAdapter - Downloaded https://repo.maven.apache.org/maven2/org/apache/maven/maven-core/3.0/maven-core-3.0.jar
2025-11-25 12:46:17,675 [BasicRepositoryConnector-repo.maven.apache.org-5-4] INFO  o.e.m.c.i.e.AbstractTransferListenerAdapter - Downloading https://repo.maven.apache.org/maven2/org/apache/maven/maven-model-builder/3.0/maven-model-builder-3.0.jar
2025-11-25 12:46:17,690 [BasicRepositoryConnector-repo.maven.apache.org-5-3] INFO  o.e.m.c.i.e.AbstractTransferListenerAdapter - Downloaded https://repo.maven.apache.org/maven2/org/codehaus/plexus/plexus-utils/2.0.4/plexus-utils-2.0.4.jar
2025-11-25 12:46:17,739 [BasicRepositoryConnector-repo.maven.apache.org-5-3] INFO  o.e.m.c.i.e.AbstractTransferListenerAdapter - Downloading https://repo.maven.apache.org/maven2/org/apache/maven/maven-aether-provider/3.0/maven-aether-provider-3.0.jar
2025-11-25 12:46:17,747 [BasicRepositoryConnector-repo.maven.apache.org-5-4] INFO  o.e.m.c.i.e.AbstractTransferListenerAdapter - Downloaded https://repo.maven.apache.org/maven2/org/apache/maven/maven-model-builder/3.0/maven-model-builder-3.0.jar
2025-11-25 12:46:17,781 [BasicRepositoryConnector-repo.maven.apache.org-5-3] INFO  o.e.m.c.i.e.AbstractTransferListenerAdapter - Downloaded https://repo.maven.apache.org/maven2/org/apache/maven/maven-aether-provider/3.0/maven-aether-provider-3.0.jar
2025-11-25 12:46:17,790 [BasicRepositoryConnector-repo.maven.apache.org-5-4] INFO  o.e.m.c.i.e.AbstractTransferListenerAdapter - Downloading https://repo.maven.apache.org/maven2/org/sonatype/aether/aether-impl/1.7/aether-impl-1.7.jar
2025-11-25 12:46:17,811 [BasicRepositoryConnector-repo.maven.apache.org-5-3] INFO  o.e.m.c.i.e.AbstractTransferListenerAdapter - Downloading https://repo.maven.apache.org/maven2/org/sonatype/aether/aether-spi/1.7/aether-spi-1.7.jar
2025-11-25 12:46:17,838 [BasicRepositoryConnector-repo.maven.apache.org-5-4] INFO  o.e.m.c.i.e.AbstractTransferListenerAdapter - Downloaded https://repo.maven.apache.org/maven2/org/sonatype/aether/aether-impl/1.7/aether-impl-1.7.jar
2025-11-25 12:46:17,853 [BasicRepositoryConnector-repo.maven.apache.org-5-1] INFO  o.e.m.c.i.e.AbstractTransferListenerAdapter - Downloaded https://repo.maven.apache.org/maven2/org/apache/maven/maven-repository-metadata/3.0/maven-repository-metadata-3.0.jar
2025-11-25 12:46:17,869 [BasicRepositoryConnector-repo.maven.apache.org-5-4] INFO  o.e.m.c.i.e.AbstractTransferListenerAdapter - Downloading https://repo.maven.apache.org/maven2/org/sonatype/aether/aether-api/1.7/aether-api-1.7.jar
2025-11-25 12:46:17,897 [BasicRepositoryConnector-repo.maven.apache.org-5-1] INFO  o.e.m.c.i.e.AbstractTransferListenerAdapter - Downloading https://repo.maven.apache.org/maven2/org/sonatype/aether/aether-util/1.7/aether-util-1.7.jar
2025-11-25 12:46:17,924 [BasicRepositoryConnector-repo.maven.apache.org-5-4] INFO  o.e.m.c.i.e.AbstractTransferListenerAdapter - Downloaded https://repo.maven.apache.org/maven2/org/sonatype/aether/aether-api/1.7/aether-api-1.7.jar
2025-11-25 12:46:17,954 [BasicRepositoryConnector-repo.maven.apache.org-5-1] INFO  o.e.m.c.i.e.AbstractTransferListenerAdapter - Downloaded https://repo.maven.apache.org/maven2/org/sonatype/aether/aether-util/1.7/aether-util-1.7.jar
2025-11-25 12:46:17,960 [BasicRepositoryConnector-repo.maven.apache.org-5-4] INFO  o.e.m.c.i.e.AbstractTransferListenerAdapter - Downloading https://repo.maven.apache.org/maven2/org/codehaus/plexus/plexus-interpolation/1.14/plexus-interpolation-1.14.jar
2025-11-25 12:46:17,993 [BasicRepositoryConnector-repo.maven.apache.org-5-4] INFO  o.e.m.c.i.e.AbstractTransferListenerAdapter - Downloaded https://repo.maven.apache.org/maven2/org/codehaus/plexus/plexus-interpolation/1.14/plexus-interpolation-1.14.jar
2025-11-25 12:46:17,993 [BasicRepositoryConnector-repo.maven.apache.org-5-1] INFO  o.e.m.c.i.e.AbstractTransferListenerAdapter - Downloading https://repo.maven.apache.org/maven2/org/codehaus/plexus/plexus-classworlds/2.2.3/plexus-classworlds-2.2.3.jar
2025-11-25 12:46:18,015 [BasicRepositoryConnector-repo.maven.apache.org-5-2] INFO  o.e.m.c.i.e.AbstractTransferListenerAdapter - Downloaded https://repo.maven.apache.org/maven2/org/apache/maven/maven-settings/3.0/maven-settings-3.0.jar
2025-11-25 12:46:18,024 [BasicRepositoryConnector-repo.maven.apache.org-5-4] INFO  o.e.m.c.i.e.AbstractTransferListenerAdapter - Downloading https://repo.maven.apache.org/maven2/org/codehaus/plexus/plexus-component-annotations/1.7.1/plexus-component-annotations-1.7.1.jar
2025-11-25 12:46:18,049 [BasicRepositoryConnector-repo.maven.apache.org-5-2] INFO  o.e.m.c.i.e.AbstractTransferListenerAdapter - Downloading https://repo.maven.apache.org/maven2/org/sonatype/plexus/plexus-sec-dispatcher/1.3/plexus-sec-dispatcher-1.3.jar
2025-11-25 12:46:18,142 [BasicRepositoryConnector-repo.maven.apache.org-5-3] INFO  o.e.m.c.i.e.AbstractTransferListenerAdapter - Downloaded https://repo.maven.apache.org/maven2/org/sonatype/aether/aether-spi/1.7/aether-spi-1.7.jar
2025-11-25 12:46:18,144 [BasicRepositoryConnector-repo.maven.apache.org-5-4] INFO  o.e.m.c.i.e.AbstractTransferListenerAdapter - Downloaded https://repo.maven.apache.org/maven2/org/codehaus/plexus/plexus-component-annotations/1.7.1/plexus-component-annotations-1.7.1.jar
2025-11-25 12:46:18,163 [BasicRepositoryConnector-repo.maven.apache.org-5-0] INFO  o.e.m.c.i.e.AbstractTransferListenerAdapter - Downloaded https://repo.maven.apache.org/maven2/org/apache/maven/maven-settings-builder/3.0/maven-settings-builder-3.0.jar
2025-11-25 12:46:18,171 [BasicRepositoryConnector-repo.maven.apache.org-5-3] INFO  o.e.m.c.i.e.AbstractTransferListenerAdapter - Downloading https://repo.maven.apache.org/maven2/org/sonatype/plexus/plexus-cipher/1.4/plexus-cipher-1.4.jar
2025-11-25 12:46:18,186 [BasicRepositoryConnector-repo.maven.apache.org-5-4] INFO  o.e.m.c.i.e.AbstractTransferListenerAdapter - Downloading https://repo.maven.apache.org/maven2/org/apache/maven/shared/maven-shared-utils/3.2.1/maven-shared-utils-3.2.1.jar
2025-11-25 12:46:18,254 [BasicRepositoryConnector-repo.maven.apache.org-5-0] INFO  o.e.m.c.i.e.AbstractTransferListenerAdapter - Downloading https://repo.maven.apache.org/maven2/commons-io/commons-io/2.5/commons-io-2.5.jar
2025-11-25 12:46:18,311 [BasicRepositoryConnector-repo.maven.apache.org-5-4] INFO  o.e.m.c.i.e.AbstractTransferListenerAdapter - Downloaded https://repo.maven.apache.org/maven2/org/apache/maven/shared/maven-shared-utils/3.2.1/maven-shared-utils-3.2.1.jar
2025-11-25 12:46:18,335 [BasicRepositoryConnector-repo.maven.apache.org-5-4] INFO  o.e.m.c.i.e.AbstractTransferListenerAdapter - Downloading https://repo.maven.apache.org/maven2/org/codehaus/plexus/plexus-java/0.9.10/plexus-java-0.9.10.jar
2025-11-25 12:46:18,337 [BasicRepositoryConnector-repo.maven.apache.org-5-0] INFO  o.e.m.c.i.e.AbstractTransferListenerAdapter - Downloaded https://repo.maven.apache.org/maven2/commons-io/commons-io/2.5/commons-io-2.5.jar
2025-11-25 12:46:18,362 [BasicRepositoryConnector-repo.maven.apache.org-5-3] INFO  o.e.m.c.i.e.AbstractTransferListenerAdapter - Downloaded https://repo.maven.apache.org/maven2/org/sonatype/plexus/plexus-cipher/1.4/plexus-cipher-1.4.jar
2025-11-25 12:46:18,382 [BasicRepositoryConnector-repo.maven.apache.org-5-0] INFO  o.e.m.c.i.e.AbstractTransferListenerAdapter - Downloading https://repo.maven.apache.org/maven2/org/ow2/asm/asm/6.2/asm-6.2.jar
2025-11-25 12:46:18,390 [BasicRepositoryConnector-repo.maven.apache.org-5-2] INFO  o.e.m.c.i.e.AbstractTransferListenerAdapter - Downloaded https://repo.maven.apache.org/maven2/org/sonatype/plexus/plexus-sec-dispatcher/1.3/plexus-sec-dispatcher-1.3.jar
2025-11-25 12:46:18,402 [BasicRepositoryConnector-repo.maven.apache.org-5-3] INFO  o.e.m.c.i.e.AbstractTransferListenerAdapter - Downloading https://repo.maven.apache.org/maven2/com/thoughtworks/qdox/qdox/2.0-M9/qdox-2.0-M9.jar
2025-11-25 12:46:18,426 [BasicRepositoryConnector-repo.maven.apache.org-5-0] INFO  o.e.m.c.i.e.AbstractTransferListenerAdapter - Downloaded https://repo.maven.apache.org/maven2/org/ow2/asm/asm/6.2/asm-6.2.jar
2025-11-25 12:46:18,473 [BasicRepositoryConnector-repo.maven.apache.org-5-2] INFO  o.e.m.c.i.e.AbstractTransferListenerAdapter - Downloading https://repo.maven.apache.org/maven2/org/codehaus/plexus/plexus-compiler-api/2.8.4/plexus-compiler-api-2.8.4.jar
2025-11-25 12:46:18,497 [BasicRepositoryConnector-repo.maven.apache.org-5-3] INFO  o.e.m.c.i.e.AbstractTransferListenerAdapter - Downloaded https://repo.maven.apache.org/maven2/com/thoughtworks/qdox/qdox/2.0-M9/qdox-2.0-M9.jar
2025-11-25 12:46:18,529 [BasicRepositoryConnector-repo.maven.apache.org-5-0] INFO  o.e.m.c.i.e.AbstractTransferListenerAdapter - Downloading https://repo.maven.apache.org/maven2/org/codehaus/plexus/plexus-compiler-manager/2.8.4/plexus-compiler-manager-2.8.4.jar
2025-11-25 12:46:18,530 [BasicRepositoryConnector-repo.maven.apache.org-5-3] INFO  o.e.m.c.i.e.AbstractTransferListenerAdapter - Downloading https://repo.maven.apache.org/maven2/org/codehaus/plexus/plexus-compiler-javac/2.8.4/plexus-compiler-javac-2.8.4.jar
2025-11-25 12:46:18,661 [BasicRepositoryConnector-repo.maven.apache.org-5-0] INFO  o.e.m.c.i.e.AbstractTransferListenerAdapter - Downloaded https://repo.maven.apache.org/maven2/org/codehaus/plexus/plexus-compiler-manager/2.8.4/plexus-compiler-manager-2.8.4.jar
2025-11-25 12:46:18,708 [BasicRepositoryConnector-repo.maven.apache.org-5-1] INFO  o.e.m.c.i.e.AbstractTransferListenerAdapter - Downloaded https://repo.maven.apache.org/maven2/org/codehaus/plexus/plexus-classworlds/2.2.3/plexus-classworlds-2.2.3.jar
2025-11-25 12:46:18,722 [BasicRepositoryConnector-repo.maven.apache.org-5-3] INFO  o.e.m.c.i.e.AbstractTransferListenerAdapter - Downloaded https://repo.maven.apache.org/maven2/org/codehaus/plexus/plexus-compiler-javac/2.8.4/plexus-compiler-javac-2.8.4.jar
2025-11-25 12:46:18,841 [BasicRepositoryConnector-repo.maven.apache.org-5-4] INFO  o.e.m.c.i.e.AbstractTransferListenerAdapter - Downloaded https://repo.maven.apache.org/maven2/org/codehaus/plexus/plexus-java/0.9.10/plexus-java-0.9.10.jar
2025-11-25 12:46:18,847 [BasicRepositoryConnector-repo.maven.apache.org-5-2] INFO  o.e.m.c.i.e.AbstractTransferListenerAdapter - Downloaded https://repo.maven.apache.org/maven2/org/codehaus/plexus/plexus-compiler-api/2.8.4/plexus-compiler-api-2.8.4.jar
2025-11-25 12:46:19,123 [Worker-40: Creating java11-junit5] INFO  o.e.m.c.i.l.LifecycleMappingFactory - Using org.eclipse.m2e.jdt.JarLifecycleMapping lifecycle mapping for MavenProject: com.krakedev:ejemploUnit:1.0.0 @ C:\Users\hel21\Desktop\programacion\java\ejemploUnit\pom.xml.
2025-11-25 12:46:19,156 [Worker-40: Creating java11-junit5] INFO  o.e.m.c.i.e.AbstractTransferListenerAdapter - Downloading https://repo.maven.apache.org/maven2/org/junit/jupiter/junit-jupiter-api/5.6.2/junit-jupiter-api-5.6.2.pom
2025-11-25 12:46:19,183 [Worker-40: Creating java11-junit5] INFO  o.e.m.c.i.e.AbstractTransferListenerAdapter - Downloaded https://repo.maven.apache.org/maven2/org/junit/jupiter/junit-jupiter-api/5.6.2/junit-jupiter-api-5.6.2.pom
2025-11-25 12:46:19,216 [Worker-40: Creating java11-junit5] INFO  o.e.m.c.i.e.AbstractTransferListenerAdapter - Downloading https://repo.maven.apache.org/maven2/org/junit/junit-bom/5.6.2/junit-bom-5.6.2.pom
2025-11-25 12:46:19,242 [Worker-40: Creating java11-junit5] INFO  o.e.m.c.i.e.AbstractTransferListenerAdapter - Downloaded https://repo.maven.apache.org/maven2/org/junit/junit-bom/5.6.2/junit-bom-5.6.2.pom
2025-11-25 12:46:19,275 [Worker-40: Creating java11-junit5] INFO  o.e.m.c.i.e.AbstractTransferListenerAdapter - Downloading https://repo.maven.apache.org/maven2/org/apiguardian/apiguardian-api/1.1.0/apiguardian-api-1.1.0.pom
2025-11-25 12:46:19,302 [Worker-40: Creating java11-junit5] INFO  o.e.m.c.i.e.AbstractTransferListenerAdapter - Downloaded https://repo.maven.apache.org/maven2/org/apiguardian/apiguardian-api/1.1.0/apiguardian-api-1.1.0.pom
2025-11-25 12:46:19,341 [Worker-40: Creating java11-junit5] INFO  o.e.m.c.i.e.AbstractTransferListenerAdapter - Downloading https://repo.maven.apache.org/maven2/org/opentest4j/opentest4j/1.2.0/opentest4j-1.2.0.pom
2025-11-25 12:46:19,368 [Worker-40: Creating java11-junit5] INFO  o.e.m.c.i.e.AbstractTransferListenerAdapter - Downloaded https://repo.maven.apache.org/maven2/org/opentest4j/opentest4j/1.2.0/opentest4j-1.2.0.pom
2025-11-25 12:46:19,406 [Worker-40: Creating java11-junit5] INFO  o.e.m.c.i.e.AbstractTransferListenerAdapter - Downloading https://repo.maven.apache.org/maven2/org/junit/platform/junit-platform-commons/1.6.2/junit-platform-commons-1.6.2.pom
2025-11-25 12:46:19,432 [Worker-40: Creating java11-junit5] INFO  o.e.m.c.i.e.AbstractTransferListenerAdapter - Downloaded https://repo.maven.apache.org/maven2/org/junit/platform/junit-platform-commons/1.6.2/junit-platform-commons-1.6.2.pom
2025-11-25 12:46:19,463 [Worker-40: Creating java11-junit5] INFO  o.e.m.c.i.e.AbstractTransferListenerAdapter - Downloading https://repo.maven.apache.org/maven2/org/junit/jupiter/junit-jupiter-engine/5.6.2/junit-jupiter-engine-5.6.2.pom
2025-11-25 12:46:19,488 [Worker-40: Creating java11-junit5] INFO  o.e.m.c.i.e.AbstractTransferListenerAdapter - Downloaded https://repo.maven.apache.org/maven2/org/junit/jupiter/junit-jupiter-engine/5.6.2/junit-jupiter-engine-5.6.2.pom
2025-11-25 12:46:19,526 [Worker-40: Creating java11-junit5] INFO  o.e.m.c.i.e.AbstractTransferListenerAdapter - Downloading https://repo.maven.apache.org/maven2/org/junit/platform/junit-platform-engine/1.6.2/junit-platform-engine-1.6.2.pom
2025-11-25 12:46:19,554 [Worker-40: Creating java11-junit5] INFO  o.e.m.c.i.e.AbstractTransferListenerAdapter - Downloaded https://repo.maven.apache.org/maven2/org/junit/platform/junit-platform-engine/1.6.2/junit-platform-engine-1.6.2.pom
2025-11-25 12:46:19,586 [Worker-40: Creating java11-junit5] INFO  o.e.m.c.i.e.AbstractTransferListenerAdapter - Downloading https://repo.maven.apache.org/maven2/org/junit/jupiter/junit-jupiter-params/5.6.2/junit-jupiter-params-5.6.2.pom
2025-11-25 12:46:19,612 [Worker-40: Creating java11-junit5] INFO  o.e.m.c.i.e.AbstractTransferListenerAdapter - Downloaded https://repo.maven.apache.org/maven2/org/junit/jupiter/junit-jupiter-params/5.6.2/junit-jupiter-params-5.6.2.pom
2025-11-25 12:46:19,660 [Worker-40: Creating java11-junit5] INFO  o.e.m.c.i.e.AbstractTransferListenerAdapter - Downloading https://repo.maven.apache.org/maven2/org/junit/jupiter/junit-jupiter-api/5.6.2/junit-jupiter-api-5.6.2.jar
2025-11-25 12:46:19,722 [Worker-40: Creating java11-junit5] INFO  o.e.m.c.i.e.AbstractTransferListenerAdapter - Downloaded https://repo.maven.apache.org/maven2/org/junit/jupiter/junit-jupiter-api/5.6.2/junit-jupiter-api-5.6.2.jar
2025-11-25 12:46:19,755 [BasicRepositoryConnector-repo.maven.apache.org-6-0] INFO  o.e.m.c.i.e.AbstractTransferListenerAdapter - Downloading https://repo.maven.apache.org/maven2/org/apiguardian/apiguardian-api/1.1.0/apiguardian-api-1.1.0.jar
2025-11-25 12:46:19,755 [BasicRepositoryConnector-repo.maven.apache.org-6-1] INFO  o.e.m.c.i.e.AbstractTransferListenerAdapter - Downloading https://repo.maven.apache.org/maven2/org/opentest4j/opentest4j/1.2.0/opentest4j-1.2.0.jar
2025-11-25 12:46:19,756 [BasicRepositoryConnector-repo.maven.apache.org-6-2] INFO  o.e.m.c.i.e.AbstractTransferListenerAdapter - Downloading https://repo.maven.apache.org/maven2/org/junit/platform/junit-platform-commons/1.6.2/junit-platform-commons-1.6.2.jar
2025-11-25 12:46:19,785 [BasicRepositoryConnector-repo.maven.apache.org-6-4] INFO  o.e.m.c.i.e.AbstractTransferListenerAdapter - Downloading https://repo.maven.apache.org/maven2/org/junit/platform/junit-platform-engine/1.6.2/junit-platform-engine-1.6.2.jar
2025-11-25 12:46:19,785 [BasicRepositoryConnector-repo.maven.apache.org-6-3] INFO  o.e.m.c.i.e.AbstractTransferListenerAdapter - Downloading https://repo.maven.apache.org/maven2/org/junit/jupiter/junit-jupiter-engine/5.6.2/junit-jupiter-engine-5.6.2.jar
2025-11-25 12:46:19,797 [BasicRepositoryConnector-repo.maven.apache.org-6-2] INFO  o.e.m.c.i.e.AbstractTransferListenerAdapter - Downloaded https://repo.maven.apache.org/maven2/org/junit/platform/junit-platform-commons/1.6.2/junit-platform-commons-1.6.2.jar
2025-11-25 12:46:19,811 [BasicRepositoryConnector-repo.maven.apache.org-6-0] INFO  o.e.m.c.i.e.AbstractTransferListenerAdapter - Downloaded https://repo.maven.apache.org/maven2/org/apiguardian/apiguardian-api/1.1.0/apiguardian-api-1.1.0.jar
2025-11-25 12:46:19,842 [BasicRepositoryConnector-repo.maven.apache.org-6-2] INFO  o.e.m.c.i.e.AbstractTransferListenerAdapter - Downloading https://repo.maven.apache.org/maven2/org/junit/jupiter/junit-jupiter-params/5.6.2/junit-jupiter-params-5.6.2.jar
2025-11-25 12:46:19,842 [BasicRepositoryConnector-repo.maven.apache.org-6-4] INFO  o.e.m.c.i.e.AbstractTransferListenerAdapter - Downloaded https://repo.maven.apache.org/maven2/org/junit/platform/junit-platform-engine/1.6.2/junit-platform-engine-1.6.2.jar
2025-11-25 12:46:19,848 [BasicRepositoryConnector-repo.maven.apache.org-6-1] INFO  o.e.m.c.i.e.AbstractTransferListenerAdapter - Downloaded https://repo.maven.apache.org/maven2/org/opentest4j/opentest4j/1.2.0/opentest4j-1.2.0.jar
2025-11-25 12:46:19,861 [BasicRepositoryConnector-repo.maven.apache.org-6-3] INFO  o.e.m.c.i.e.AbstractTransferListenerAdapter - Downloaded https://repo.maven.apache.org/maven2/org/junit/jupiter/junit-jupiter-engine/5.6.2/junit-jupiter-engine-5.6.2.jar
2025-11-25 12:46:19,951 [BasicRepositoryConnector-repo.maven.apache.org-6-2] INFO  o.e.m.c.i.e.AbstractTransferListenerAdapter - Downloaded https://repo.maven.apache.org/maven2/org/junit/jupiter/junit-jupiter-params/5.6.2/junit-jupiter-params-5.6.2.jar
2025-11-25 12:46:20,003 [Worker-40: Creating java11-junit5] INFO  o.e.m.c.i.e.AbstractTransferListenerAdapter - Downloading https://repo.maven.apache.org/maven2/org/apache/maven/plugins/maven-resources-plugin/3.1.0/maven-resources-plugin-3.1.0.pom
2025-11-25 12:46:20,031 [Worker-40: Creating java11-junit5] INFO  o.e.m.c.i.e.AbstractTransferListenerAdapter - Downloaded https://repo.maven.apache.org/maven2/org/apache/maven/plugins/maven-resources-plugin/3.1.0/maven-resources-plugin-3.1.0.pom
2025-11-25 12:46:20,067 [Worker-40: Creating java11-junit5] INFO  o.e.m.c.i.e.AbstractTransferListenerAdapter - Downloading https://repo.maven.apache.org/maven2/org/apache/maven/plugins/maven-plugins/31/maven-plugins-31.pom
2025-11-25 12:46:20,099 [Worker-40: Creating java11-junit5] INFO  o.e.m.c.i.e.AbstractTransferListenerAdapter - Downloaded https://repo.maven.apache.org/maven2/org/apache/maven/plugins/maven-plugins/31/maven-plugins-31.pom
2025-11-25 12:46:20,148 [Worker-40: Creating java11-junit5] INFO  o.e.m.c.i.e.AbstractTransferListenerAdapter - Downloading https://repo.maven.apache.org/maven2/org/apache/maven/maven-parent/31/maven-parent-31.pom
2025-11-25 12:46:20,176 [Worker-40: Creating java11-junit5] INFO  o.e.m.c.i.e.AbstractTransferListenerAdapter - Downloaded https://repo.maven.apache.org/maven2/org/apache/maven/maven-parent/31/maven-parent-31.pom
2025-11-25 12:46:20,219 [Worker-40: Creating java11-junit5] INFO  o.e.m.c.i.e.AbstractTransferListenerAdapter - Downloading https://repo.maven.apache.org/maven2/org/apache/apache/19/apache-19.pom
2025-11-25 12:46:20,248 [Worker-40: Creating java11-junit5] INFO  o.e.m.c.i.e.AbstractTransferListenerAdapter - Downloaded https://repo.maven.apache.org/maven2/org/apache/apache/19/apache-19.pom
2025-11-25 12:46:20,485 [Worker-40: Creating java11-junit5] INFO  o.e.m.c.i.e.AbstractTransferListenerAdapter - Downloading https://repo.maven.apache.org/maven2/org/apache/maven/plugins/maven-surefire-plugin/3.0.0-M4/maven-surefire-plugin-3.0.0-M4.pom
2025-11-25 12:46:20,511 [Worker-40: Creating java11-junit5] INFO  o.e.m.c.i.e.AbstractTransferListenerAdapter - Downloaded https://repo.maven.apache.org/maven2/org/apache/maven/plugins/maven-surefire-plugin/3.0.0-M4/maven-surefire-plugin-3.0.0-M4.pom
2025-11-25 12:46:20,553 [Worker-40: Creating java11-junit5] INFO  o.e.m.c.i.e.AbstractTransferListenerAdapter - Downloading https://repo.maven.apache.org/maven2/org/apache/maven/surefire/surefire/3.0.0-M4/surefire-3.0.0-M4.pom
2025-11-25 12:46:20,586 [Worker-40: Creating java11-junit5] INFO  o.e.m.c.i.e.AbstractTransferListenerAdapter - Downloaded https://repo.maven.apache.org/maven2/org/apache/maven/surefire/surefire/3.0.0-M4/surefire-3.0.0-M4.pom
2025-11-25 12:46:20,632 [Worker-40: Creating java11-junit5] INFO  o.e.m.c.i.e.AbstractTransferListenerAdapter - Downloading https://repo.maven.apache.org/maven2/org/apache/maven/plugins/maven-jar-plugin/3.2.0/maven-jar-plugin-3.2.0.pom
2025-11-25 12:46:20,657 [Worker-40: Creating java11-junit5] INFO  o.e.m.c.i.e.AbstractTransferListenerAdapter - Downloaded https://repo.maven.apache.org/maven2/org/apache/maven/plugins/maven-jar-plugin/3.2.0/maven-jar-plugin-3.2.0.pom
2025-11-25 12:46:20,703 [Worker-40: Creating java11-junit5] INFO  o.e.m.c.i.e.AbstractTransferListenerAdapter - Downloading https://repo.maven.apache.org/maven2/org/apache/maven/plugins/maven-shade-plugin/3.2.2/maven-shade-plugin-3.2.2.pom
2025-11-25 12:46:20,733 [Worker-40: Creating java11-junit5] INFO  o.e.m.c.i.e.AbstractTransferListenerAdapter - Downloaded https://repo.maven.apache.org/maven2/org/apache/maven/plugins/maven-shade-plugin/3.2.2/maven-shade-plugin-3.2.2.pom
2025-11-25 12:46:20,821 [Worker-40: Creating java11-junit5] INFO  o.e.m.c.i.e.AbstractTransferListenerAdapter - Downloading https://repo.maven.apache.org/maven2/org/apache/maven/shared/file-management/3.0.0/file-management-3.0.0.pom
2025-11-25 12:46:20,850 [Worker-40: Creating java11-junit5] INFO  o.e.m.c.i.e.AbstractTransferListenerAdapter - Downloaded https://repo.maven.apache.org/maven2/org/apache/maven/shared/file-management/3.0.0/file-management-3.0.0.pom
2025-11-25 12:46:20,884 [Worker-40: Creating java11-junit5] INFO  o.e.m.c.i.e.AbstractTransferListenerAdapter - Downloading https://repo.maven.apache.org/maven2/org/apache/maven/shared/maven-shared-components/22/maven-shared-components-22.pom
2025-11-25 12:46:20,911 [Worker-40: Creating java11-junit5] INFO  o.e.m.c.i.e.AbstractTransferListenerAdapter - Downloaded https://repo.maven.apache.org/maven2/org/apache/maven/shared/maven-shared-components/22/maven-shared-components-22.pom
2025-11-25 12:46:20,943 [Worker-40: Creating java11-junit5] INFO  o.e.m.c.i.e.AbstractTransferListenerAdapter - Downloading https://repo.maven.apache.org/maven2/org/apache/maven/maven-parent/27/maven-parent-27.pom
2025-11-25 12:46:20,972 [Worker-40: Creating java11-junit5] INFO  o.e.m.c.i.e.AbstractTransferListenerAdapter - Downloaded https://repo.maven.apache.org/maven2/org/apache/maven/maven-parent/27/maven-parent-27.pom
2025-11-25 12:46:21,016 [Worker-40: Creating java11-junit5] INFO  o.e.m.c.i.e.AbstractTransferListenerAdapter - Downloading https://repo.maven.apache.org/maven2/org/apache/apache/17/apache-17.pom
2025-11-25 12:46:21,046 [Worker-40: Creating java11-junit5] INFO  o.e.m.c.i.e.AbstractTransferListenerAdapter - Downloaded https://repo.maven.apache.org/maven2/org/apache/apache/17/apache-17.pom
2025-11-25 12:46:21,093 [Worker-40: Creating java11-junit5] INFO  o.e.m.c.i.e.AbstractTransferListenerAdapter - Downloading https://repo.maven.apache.org/maven2/org/apache/maven/shared/maven-shared-io/3.0.0/maven-shared-io-3.0.0.pom
2025-11-25 12:46:21,119 [Worker-40: Creating java11-junit5] INFO  o.e.m.c.i.e.AbstractTransferListenerAdapter - Downloaded https://repo.maven.apache.org/maven2/org/apache/maven/shared/maven-shared-io/3.0.0/maven-shared-io-3.0.0.pom
2025-11-25 12:46:21,156 [Worker-40: Creating java11-junit5] INFO  o.e.m.c.i.e.AbstractTransferListenerAdapter - Downloading https://repo.maven.apache.org/maven2/org/apache/maven/maven-compat/3.0/maven-compat-3.0.pom
2025-11-25 12:46:21,183 [Worker-40: Creating java11-junit5] INFO  o.e.m.c.i.e.AbstractTransferListenerAdapter - Downloaded https://repo.maven.apache.org/maven2/org/apache/maven/maven-compat/3.0/maven-compat-3.0.pom
2025-11-25 12:46:21,235 [Worker-40: Creating java11-junit5] INFO  o.e.m.c.i.e.AbstractTransferListenerAdapter - Downloading https://repo.maven.apache.org/maven2/org/apache/maven/wagon/wagon-provider-api/1.0-beta-6/wagon-provider-api-1.0-beta-6.pom
2025-11-25 12:46:21,262 [Worker-40: Creating java11-junit5] INFO  o.e.m.c.i.e.AbstractTransferListenerAdapter - Downloaded https://repo.maven.apache.org/maven2/org/apache/maven/wagon/wagon-provider-api/1.0-beta-6/wagon-provider-api-1.0-beta-6.pom
2025-11-25 12:46:21,294 [Worker-40: Creating java11-junit5] INFO  o.e.m.c.i.e.AbstractTransferListenerAdapter - Downloading https://repo.maven.apache.org/maven2/org/apache/maven/wagon/wagon/1.0-beta-6/wagon-1.0-beta-6.pom
2025-11-25 12:46:21,327 [Worker-40: Creating java11-junit5] INFO  o.e.m.c.i.e.AbstractTransferListenerAdapter - Downloaded https://repo.maven.apache.org/maven2/org/apache/maven/wagon/wagon/1.0-beta-6/wagon-1.0-beta-6.pom
2025-11-25 12:46:21,374 [Worker-40: Creating java11-junit5] INFO  o.e.m.c.i.e.AbstractTransferListenerAdapter - Downloading https://repo.maven.apache.org/maven2/org/codehaus/plexus/plexus-utils/1.4.2/plexus-utils-1.4.2.pom
2025-11-25 12:46:21,400 [Worker-40: Creating java11-junit5] INFO  o.e.m.c.i.e.AbstractTransferListenerAdapter - Downloaded https://repo.maven.apache.org/maven2/org/codehaus/plexus/plexus-utils/1.4.2/plexus-utils-1.4.2.pom
2025-11-25 12:46:21,438 [Worker-40: Creating java11-junit5] INFO  o.e.m.c.i.e.AbstractTransferListenerAdapter - Downloading https://repo.maven.apache.org/maven2/org/apache/maven/wagon/wagon-provider-api/2.10/wagon-provider-api-2.10.pom
2025-11-25 12:46:21,463 [Worker-40: Creating java11-junit5] INFO  o.e.m.c.i.e.AbstractTransferListenerAdapter - Downloaded https://repo.maven.apache.org/maven2/org/apache/maven/wagon/wagon-provider-api/2.10/wagon-provider-api-2.10.pom
2025-11-25 12:46:21,493 [Worker-40: Creating java11-junit5] INFO  o.e.m.c.i.e.AbstractTransferListenerAdapter - Downloading https://repo.maven.apache.org/maven2/org/apache/maven/wagon/wagon/2.10/wagon-2.10.pom
2025-11-25 12:46:21,521 [Worker-40: Creating java11-junit5] INFO  o.e.m.c.i.e.AbstractTransferListenerAdapter - Downloaded https://repo.maven.apache.org/maven2/org/apache/maven/wagon/wagon/2.10/wagon-2.10.pom
2025-11-25 12:46:21,565 [Worker-40: Creating java11-junit5] INFO  o.e.m.c.i.e.AbstractTransferListenerAdapter - Downloading https://repo.maven.apache.org/maven2/org/apache/maven/maven-parent/26/maven-parent-26.pom
2025-11-25 12:46:21,595 [Worker-40: Creating java11-junit5] INFO  o.e.m.c.i.e.AbstractTransferListenerAdapter - Downloaded https://repo.maven.apache.org/maven2/org/apache/maven/maven-parent/26/maven-parent-26.pom
2025-11-25 12:46:21,641 [Worker-40: Creating java11-junit5] INFO  o.e.m.c.i.e.AbstractTransferListenerAdapter - Downloading https://repo.maven.apache.org/maven2/org/codehaus/plexus/plexus-utils/3.0.15/plexus-utils-3.0.15.pom
2025-11-25 12:46:21,668 [Worker-40: Creating java11-junit5] INFO  o.e.m.c.i.e.AbstractTransferListenerAdapter - Downloaded https://repo.maven.apache.org/maven2/org/codehaus/plexus/plexus-utils/3.0.15/plexus-utils-3.0.15.pom
2025-11-25 12:46:21,706 [Worker-40: Creating java11-junit5] INFO  o.e.m.c.i.e.AbstractTransferListenerAdapter - Downloading https://repo.maven.apache.org/maven2/org/apache/maven/shared/maven-shared-utils/3.0.0/maven-shared-utils-3.0.0.pom
2025-11-25 12:46:21,734 [Worker-40: Creating java11-junit5] INFO  o.e.m.c.i.e.AbstractTransferListenerAdapter - Downloaded https://repo.maven.apache.org/maven2/org/apache/maven/shared/maven-shared-utils/3.0.0/maven-shared-utils-3.0.0.pom
2025-11-25 12:46:21,773 [Worker-40: Creating java11-junit5] INFO  o.e.m.c.i.e.AbstractTransferListenerAdapter - Downloading https://repo.maven.apache.org/maven2/org/apache/maven/shared/maven-shared-components/21/maven-shared-components-21.pom
2025-11-25 12:46:21,800 [Worker-40: Creating java11-junit5] INFO  o.e.m.c.i.e.AbstractTransferListenerAdapter - Downloaded https://repo.maven.apache.org/maven2/org/apache/maven/shared/maven-shared-components/21/maven-shared-components-21.pom
2025-11-25 12:46:21,842 [Worker-40: Creating java11-junit5] INFO  o.e.m.c.i.e.AbstractTransferListenerAdapter - Downloading https://repo.maven.apache.org/maven2/commons-io/commons-io/2.4/commons-io-2.4.pom
2025-11-25 12:46:21,874 [Worker-40: Creating java11-junit5] INFO  o.e.m.c.i.e.AbstractTransferListenerAdapter - Downloaded https://repo.maven.apache.org/maven2/commons-io/commons-io/2.4/commons-io-2.4.pom
2025-11-25 12:46:21,919 [Worker-40: Creating java11-junit5] INFO  o.e.m.c.i.e.AbstractTransferListenerAdapter - Downloading https://repo.maven.apache.org/maven2/org/apache/commons/commons-parent/25/commons-parent-25.pom
2025-11-25 12:46:21,949 [Worker-40: Creating java11-junit5] INFO  o.e.m.c.i.e.AbstractTransferListenerAdapter - Downloaded https://repo.maven.apache.org/maven2/org/apache/commons/commons-parent/25/commons-parent-25.pom
2025-11-25 12:46:21,992 [Worker-40: Creating java11-junit5] INFO  o.e.m.c.i.e.AbstractTransferListenerAdapter - Downloading https://repo.maven.apache.org/maven2/org/apache/maven/maven-archiver/3.5.0/maven-archiver-3.5.0.pom
2025-11-25 12:46:22,020 [Worker-40: Creating java11-junit5] INFO  o.e.m.c.i.e.AbstractTransferListenerAdapter - Downloaded https://repo.maven.apache.org/maven2/org/apache/maven/maven-archiver/3.5.0/maven-archiver-3.5.0.pom
2025-11-25 12:46:22,053 [Worker-40: Creating java11-junit5] INFO  o.e.m.c.i.e.AbstractTransferListenerAdapter - Downloading https://repo.maven.apache.org/maven2/org/apache/maven/shared/maven-shared-components/33/maven-shared-components-33.pom
2025-11-25 12:46:22,080 [Worker-40: Creating java11-junit5] INFO  o.e.m.c.i.e.AbstractTransferListenerAdapter - Downloaded https://repo.maven.apache.org/maven2/org/apache/maven/shared/maven-shared-components/33/maven-shared-components-33.pom
2025-11-25 12:46:22,114 [Worker-40: Creating java11-junit5] INFO  o.e.m.c.i.e.AbstractTransferListenerAdapter - Downloading https://repo.maven.apache.org/maven2/org/codehaus/plexus/plexus-archiver/4.2.0/plexus-archiver-4.2.0.pom
2025-11-25 12:46:22,140 [Worker-40: Creating java11-junit5] INFO  o.e.m.c.i.e.AbstractTransferListenerAdapter - Downloaded https://repo.maven.apache.org/maven2/org/codehaus/plexus/plexus-archiver/4.2.0/plexus-archiver-4.2.0.pom
2025-11-25 12:46:22,181 [Worker-40: Creating java11-junit5] INFO  o.e.m.c.i.e.AbstractTransferListenerAdapter - Downloading https://repo.maven.apache.org/maven2/org/codehaus/plexus/plexus-utils/3.3.0/plexus-utils-3.3.0.pom
2025-11-25 12:46:22,207 [Worker-40: Creating java11-junit5] INFO  o.e.m.c.i.e.AbstractTransferListenerAdapter - Downloaded https://repo.maven.apache.org/maven2/org/codehaus/plexus/plexus-utils/3.3.0/plexus-utils-3.3.0.pom
2025-11-25 12:46:22,245 [Worker-40: Creating java11-junit5] INFO  o.e.m.c.i.e.AbstractTransferListenerAdapter - Downloading https://repo.maven.apache.org/maven2/org/codehaus/plexus/plexus-io/3.2.0/plexus-io-3.2.0.pom
2025-11-25 12:46:22,272 [Worker-40: Creating java11-junit5] INFO  o.e.m.c.i.e.AbstractTransferListenerAdapter - Downloaded https://repo.maven.apache.org/maven2/org/codehaus/plexus/plexus-io/3.2.0/plexus-io-3.2.0.pom
2025-11-25 12:46:22,304 [Worker-40: Creating java11-junit5] INFO  o.e.m.c.i.e.AbstractTransferListenerAdapter - Downloading https://repo.maven.apache.org/maven2/commons-io/commons-io/2.6/commons-io-2.6.pom
2025-11-25 12:46:22,334 [Worker-40: Creating java11-junit5] INFO  o.e.m.c.i.e.AbstractTransferListenerAdapter - Downloaded https://repo.maven.apache.org/maven2/commons-io/commons-io/2.6/commons-io-2.6.pom
2025-11-25 12:46:22,382 [Worker-40: Creating java11-junit5] INFO  o.e.m.c.i.e.AbstractTransferListenerAdapter - Downloading https://repo.maven.apache.org/maven2/org/apache/commons/commons-parent/42/commons-parent-42.pom
2025-11-25 12:46:22,417 [Worker-40: Creating java11-junit5] INFO  o.e.m.c.i.e.AbstractTransferListenerAdapter - Downloaded https://repo.maven.apache.org/maven2/org/apache/commons/commons-parent/42/commons-parent-42.pom
2025-11-25 12:46:22,465 [Worker-40: Creating java11-junit5] INFO  o.e.m.c.i.e.AbstractTransferListenerAdapter - Downloading https://repo.maven.apache.org/maven2/org/apache/commons/commons-compress/1.19/commons-compress-1.19.pom
2025-11-25 12:46:22,495 [Worker-40: Creating java11-junit5] INFO  o.e.m.c.i.e.AbstractTransferListenerAdapter - Downloaded https://repo.maven.apache.org/maven2/org/apache/commons/commons-compress/1.19/commons-compress-1.19.pom
2025-11-25 12:46:22,539 [Worker-40: Creating java11-junit5] INFO  o.e.m.c.i.e.AbstractTransferListenerAdapter - Downloading https://repo.maven.apache.org/maven2/org/apache/commons/commons-parent/48/commons-parent-48.pom
2025-11-25 12:46:22,574 [Worker-40: Creating java11-junit5] INFO  o.e.m.c.i.e.AbstractTransferListenerAdapter - Downloaded https://repo.maven.apache.org/maven2/org/apache/commons/commons-parent/48/commons-parent-48.pom
2025-11-25 12:46:22,625 [Worker-40: Creating java11-junit5] INFO  o.e.m.c.i.e.AbstractTransferListenerAdapter - Downloading https://repo.maven.apache.org/maven2/org/tukaani/xz/1.8/xz-1.8.pom
2025-11-25 12:46:22,656 [Worker-40: Creating java11-junit5] INFO  o.e.m.c.i.e.AbstractTransferListenerAdapter - Downloaded https://repo.maven.apache.org/maven2/org/tukaani/xz/1.8/xz-1.8.pom
2025-11-25 12:46:22,687 [Worker-40: Creating java11-junit5] INFO  o.e.m.c.i.e.AbstractTransferListenerAdapter - Downloading https://repo.maven.apache.org/maven2/org/codehaus/plexus/plexus-interpolation/1.25/plexus-interpolation-1.25.pom
2025-11-25 12:46:22,713 [Worker-40: Creating java11-junit5] INFO  o.e.m.c.i.e.AbstractTransferListenerAdapter - Downloaded https://repo.maven.apache.org/maven2/org/codehaus/plexus/plexus-interpolation/1.25/plexus-interpolation-1.25.pom
2025-11-25 12:46:22,747 [Worker-40: Creating java11-junit5] INFO  o.e.m.c.i.e.AbstractTransferListenerAdapter - Downloading https://repo.maven.apache.org/maven2/org/codehaus/plexus/plexus-archiver/4.2.1/plexus-archiver-4.2.1.pom
2025-11-25 12:46:22,776 [Worker-40: Creating java11-junit5] INFO  o.e.m.c.i.e.AbstractTransferListenerAdapter - Downloaded https://repo.maven.apache.org/maven2/org/codehaus/plexus/plexus-archiver/4.2.1/plexus-archiver-4.2.1.pom
2025-11-25 12:46:22,847 [Worker-40: Creating java11-junit5] INFO  o.e.m.c.i.e.AbstractTransferListenerAdapter - Downloading https://repo.maven.apache.org/maven2/org/apache/maven/shared/file-management/3.0.0/file-management-3.0.0.jar
2025-11-25 12:46:23,253 [Worker-40: Creating java11-junit5] INFO  o.e.m.c.i.e.AbstractTransferListenerAdapter - Downloaded https://repo.maven.apache.org/maven2/org/apache/maven/shared/file-management/3.0.0/file-management-3.0.0.jar
2025-11-25 12:46:23,286 [BasicRepositoryConnector-repo.maven.apache.org-7-4] INFO  o.e.m.c.i.e.AbstractTransferListenerAdapter - Downloading https://repo.maven.apache.org/maven2/org/codehaus/plexus/plexus-archiver/4.2.1/plexus-archiver-4.2.1.jar
2025-11-25 12:46:23,309 [BasicRepositoryConnector-repo.maven.apache.org-7-2] INFO  o.e.m.c.i.e.AbstractTransferListenerAdapter - Downloading https://repo.maven.apache.org/maven2/org/apache/maven/wagon/wagon-provider-api/2.10/wagon-provider-api-2.10.jar
2025-11-25 12:46:23,341 [BasicRepositoryConnector-repo.maven.apache.org-7-1] INFO  o.e.m.c.i.e.AbstractTransferListenerAdapter - Downloading https://repo.maven.apache.org/maven2/org/apache/maven/maven-compat/3.0/maven-compat-3.0.jar
2025-11-25 12:46:23,342 [BasicRepositoryConnector-repo.maven.apache.org-7-4] INFO  o.e.m.c.i.e.AbstractTransferListenerAdapter - Downloaded https://repo.maven.apache.org/maven2/org/codehaus/plexus/plexus-archiver/4.2.1/plexus-archiver-4.2.1.jar
2025-11-25 12:46:23,358 [BasicRepositoryConnector-repo.maven.apache.org-7-2] INFO  o.e.m.c.i.e.AbstractTransferListenerAdapter - Downloaded https://repo.maven.apache.org/maven2/org/apache/maven/wagon/wagon-provider-api/2.10/wagon-provider-api-2.10.jar
2025-11-25 12:46:23,368 [BasicRepositoryConnector-repo.maven.apache.org-7-0] INFO  o.e.m.c.i.e.AbstractTransferListenerAdapter - Downloading https://repo.maven.apache.org/maven2/org/apache/maven/shared/maven-shared-io/3.0.0/maven-shared-io-3.0.0.jar
2025-11-25 12:46:23,384 [BasicRepositoryConnector-repo.maven.apache.org-7-3] INFO  o.e.m.c.i.e.AbstractTransferListenerAdapter - Downloading https://repo.maven.apache.org/maven2/org/apache/maven/maven-archiver/3.5.0/maven-archiver-3.5.0.jar
2025-11-25 12:46:23,401 [BasicRepositoryConnector-repo.maven.apache.org-7-2] INFO  o.e.m.c.i.e.AbstractTransferListenerAdapter - Downloading https://repo.maven.apache.org/maven2/org/apache/commons/commons-compress/1.19/commons-compress-1.19.jar
2025-11-25 12:46:23,434 [BasicRepositoryConnector-repo.maven.apache.org-7-1] INFO  o.e.m.c.i.e.AbstractTransferListenerAdapter - Downloaded https://repo.maven.apache.org/maven2/org/apache/maven/maven-compat/3.0/maven-compat-3.0.jar
2025-11-25 12:46:23,468 [BasicRepositoryConnector-repo.maven.apache.org-7-4] INFO  o.e.m.c.i.e.AbstractTransferListenerAdapter - Downloading https://repo.maven.apache.org/maven2/org/codehaus/plexus/plexus-io/3.2.0/plexus-io-3.2.0.jar
2025-11-25 12:46:23,517 [BasicRepositoryConnector-repo.maven.apache.org-7-4] INFO  o.e.m.c.i.e.AbstractTransferListenerAdapter - Downloaded https://repo.maven.apache.org/maven2/org/codehaus/plexus/plexus-io/3.2.0/plexus-io-3.2.0.jar
2025-11-25 12:46:23,520 [BasicRepositoryConnector-repo.maven.apache.org-7-1] INFO  o.e.m.c.i.e.AbstractTransferListenerAdapter - Downloading https://repo.maven.apache.org/maven2/org/tukaani/xz/1.8/xz-1.8.jar
2025-11-25 12:46:23,550 [BasicRepositoryConnector-repo.maven.apache.org-7-4] INFO  o.e.m.c.i.e.AbstractTransferListenerAdapter - Downloading https://repo.maven.apache.org/maven2/org/codehaus/plexus/plexus-utils/3.3.0/plexus-utils-3.3.0.jar
2025-11-25 12:46:23,556 [BasicRepositoryConnector-repo.maven.apache.org-7-2] INFO  o.e.m.c.i.e.AbstractTransferListenerAdapter - Downloaded https://repo.maven.apache.org/maven2/org/apache/commons/commons-compress/1.19/commons-compress-1.19.jar
2025-11-25 12:46:23,577 [BasicRepositoryConnector-repo.maven.apache.org-7-1] INFO  o.e.m.c.i.e.AbstractTransferListenerAdapter - Downloaded https://repo.maven.apache.org/maven2/org/tukaani/xz/1.8/xz-1.8.jar
2025-11-25 12:46:23,623 [BasicRepositoryConnector-repo.maven.apache.org-7-4] INFO  o.e.m.c.i.e.AbstractTransferListenerAdapter - Downloaded https://repo.maven.apache.org/maven2/org/codehaus/plexus/plexus-utils/3.3.0/plexus-utils-3.3.0.jar
2025-11-25 12:46:23,653 [BasicRepositoryConnector-repo.maven.apache.org-7-3] INFO  o.e.m.c.i.e.AbstractTransferListenerAdapter - Downloaded https://repo.maven.apache.org/maven2/org/apache/maven/maven-archiver/3.5.0/maven-archiver-3.5.0.jar
2025-11-25 12:46:23,995 [BasicRepositoryConnector-repo.maven.apache.org-7-0] INFO  o.e.m.c.i.e.AbstractTransferListenerAdapter - Downloaded https://repo.maven.apache.org/maven2/org/apache/maven/shared/maven-shared-io/3.0.0/maven-shared-io-3.0.0.jar
2025-11-25 12:46:24,432 [Worker-40: Creating java11-junit5] INFO  o.e.m.c.i.e.AbstractTransferListenerAdapter - Downloading https://repo.maven.apache.org/maven2/org/codehaus/plexus/plexus-utils/3.1.0/plexus-utils-3.1.0.pom
2025-11-25 12:46:24,458 [Worker-40: Creating java11-junit5] INFO  o.e.m.c.i.e.AbstractTransferListenerAdapter - Downloaded https://repo.maven.apache.org/maven2/org/codehaus/plexus/plexus-utils/3.1.0/plexus-utils-3.1.0.pom
2025-11-25 12:46:24,490 [Worker-40: Creating java11-junit5] INFO  o.e.m.c.i.e.AbstractTransferListenerAdapter - Downloading https://repo.maven.apache.org/maven2/org/apache/maven/shared/maven-filtering/3.1.1/maven-filtering-3.1.1.pom
2025-11-25 12:46:24,518 [Worker-40: Creating java11-junit5] INFO  o.e.m.c.i.e.AbstractTransferListenerAdapter - Downloaded https://repo.maven.apache.org/maven2/org/apache/maven/shared/maven-filtering/3.1.1/maven-filtering-3.1.1.pom
2025-11-25 12:46:24,550 [Worker-40: Creating java11-junit5] INFO  o.e.m.c.i.e.AbstractTransferListenerAdapter - Downloading https://repo.maven.apache.org/maven2/org/codehaus/plexus/plexus-utils/3.0.24/plexus-utils-3.0.24.pom
2025-11-25 12:46:24,579 [Worker-40: Creating java11-junit5] INFO  o.e.m.c.i.e.AbstractTransferListenerAdapter - Downloaded https://repo.maven.apache.org/maven2/org/codehaus/plexus/plexus-utils/3.0.24/plexus-utils-3.0.24.pom
2025-11-25 12:46:24,612 [Worker-40: Creating java11-junit5] INFO  o.e.m.c.i.e.AbstractTransferListenerAdapter - Downloading https://repo.maven.apache.org/maven2/org/codehaus/plexus/plexus-interpolation/1.22/plexus-interpolation-1.22.pom
2025-11-25 12:46:24,640 [Worker-40: Creating java11-junit5] INFO  o.e.m.c.i.e.AbstractTransferListenerAdapter - Downloaded https://repo.maven.apache.org/maven2/org/codehaus/plexus/plexus-interpolation/1.22/plexus-interpolation-1.22.pom
2025-11-25 12:46:24,677 [Worker-40: Creating java11-junit5] INFO  o.e.m.c.i.e.AbstractTransferListenerAdapter - Downloading https://repo.maven.apache.org/maven2/org/codehaus/plexus/plexus-utils/1.5.8/plexus-utils-1.5.8.pom
2025-11-25 12:46:24,703 [Worker-40: Creating java11-junit5] INFO  o.e.m.c.i.e.AbstractTransferListenerAdapter - Downloaded https://repo.maven.apache.org/maven2/org/codehaus/plexus/plexus-utils/1.5.8/plexus-utils-1.5.8.pom
2025-11-25 12:46:24,925 [Worker-40: Creating java11-junit5] INFO  o.e.m.c.i.e.AbstractTransferListenerAdapter - Downloading https://repo.maven.apache.org/maven2/org/codehaus/plexus/plexus-interpolation/1.24/plexus-interpolation-1.24.pom
2025-11-25 12:46:24,953 [Worker-40: Creating java11-junit5] INFO  o.e.m.c.i.e.AbstractTransferListenerAdapter - Downloaded https://repo.maven.apache.org/maven2/org/codehaus/plexus/plexus-interpolation/1.24/plexus-interpolation-1.24.pom
2025-11-25 12:46:25,164 [Worker-40: Creating java11-junit5] INFO  o.e.m.c.i.e.AbstractTransferListenerAdapter - Downloading https://repo.maven.apache.org/maven2/org/codehaus/plexus/plexus-utils/3.1.0/plexus-utils-3.1.0.jar
2025-11-25 12:46:25,227 [Worker-40: Creating java11-junit5] INFO  o.e.m.c.i.e.AbstractTransferListenerAdapter - Downloaded https://repo.maven.apache.org/maven2/org/codehaus/plexus/plexus-utils/3.1.0/plexus-utils-3.1.0.jar
2025-11-25 12:46:25,264 [BasicRepositoryConnector-repo.maven.apache.org-8-2] INFO  o.e.m.c.i.e.AbstractTransferListenerAdapter - Downloading https://repo.maven.apache.org/maven2/com/google/code/findbugs/jsr305/2.0.1/jsr305-2.0.1.jar
2025-11-25 12:46:25,264 [BasicRepositoryConnector-repo.maven.apache.org-8-1] INFO  o.e.m.c.i.e.AbstractTransferListenerAdapter - Downloading https://repo.maven.apache.org/maven2/org/apache/maven/shared/maven-shared-utils/3.0.0/maven-shared-utils-3.0.0.jar
2025-11-25 12:46:25,287 [BasicRepositoryConnector-repo.maven.apache.org-8-0] INFO  o.e.m.c.i.e.AbstractTransferListenerAdapter - Downloading https://repo.maven.apache.org/maven2/org/apache/maven/shared/maven-filtering/3.1.1/maven-filtering-3.1.1.jar
2025-11-25 12:46:25,313 [BasicRepositoryConnector-repo.maven.apache.org-8-1] INFO  o.e.m.c.i.e.AbstractTransferListenerAdapter - Downloaded https://repo.maven.apache.org/maven2/org/apache/maven/shared/maven-shared-utils/3.0.0/maven-shared-utils-3.0.0.jar
2025-11-25 12:46:25,323 [BasicRepositoryConnector-repo.maven.apache.org-8-0] INFO  o.e.m.c.i.e.AbstractTransferListenerAdapter - Downloaded https://repo.maven.apache.org/maven2/org/apache/maven/shared/maven-filtering/3.1.1/maven-filtering-3.1.1.jar
2025-11-25 12:46:25,400 [BasicRepositoryConnector-repo.maven.apache.org-8-3] INFO  o.e.m.c.i.e.AbstractTransferListenerAdapter - Downloading https://repo.maven.apache.org/maven2/org/codehaus/plexus/plexus-interpolation/1.24/plexus-interpolation-1.24.jar
2025-11-25 12:46:25,419 [Worker-42: Download sources and javadoc] INFO  o.e.m.c.i.e.AbstractTransferListenerAdapter - Downloading https://repo.maven.apache.org/maven2/org/junit/jupiter/junit-jupiter-api/5.6.2/junit-jupiter-api-5.6.2-sources.jar
2025-11-25 12:46:25,470 [BasicRepositoryConnector-repo.maven.apache.org-8-3] INFO  o.e.m.c.i.e.AbstractTransferListenerAdapter - Downloaded https://repo.maven.apache.org/maven2/org/codehaus/plexus/plexus-interpolation/1.24/plexus-interpolation-1.24.jar
2025-11-25 12:46:25,482 [Worker-42: Download sources and javadoc] INFO  o.e.m.c.i.e.AbstractTransferListenerAdapter - Downloaded https://repo.maven.apache.org/maven2/org/junit/jupiter/junit-jupiter-api/5.6.2/junit-jupiter-api-5.6.2-sources.jar
2025-11-25 12:46:25,486 [Worker-42: Download sources and javadoc] INFO  o.e.m.j.internal.DownloadSourcesJob - Downloaded sources for org.junit.jupiter:junit-jupiter-api:5.6.2
2025-11-25 12:46:25,543 [Worker-42: Download sources and javadoc] INFO  o.e.m.c.i.e.AbstractTransferListenerAdapter - Downloading https://repo.maven.apache.org/maven2/org/apiguardian/apiguardian-api/1.1.0/apiguardian-api-1.1.0-sources.jar
2025-11-25 12:46:25,583 [Worker-42: Download sources and javadoc] INFO  o.e.m.c.i.e.AbstractTransferListenerAdapter - Downloaded https://repo.maven.apache.org/maven2/org/apiguardian/apiguardian-api/1.1.0/apiguardian-api-1.1.0-sources.jar
2025-11-25 12:46:25,586 [Worker-42: Download sources and javadoc] INFO  o.e.m.j.internal.DownloadSourcesJob - Downloaded sources for org.apiguardian:apiguardian-api:1.1.0
2025-11-25 12:46:25,640 [Worker-42: Download sources and javadoc] INFO  o.e.m.c.i.e.AbstractTransferListenerAdapter - Downloading https://repo.maven.apache.org/maven2/org/opentest4j/opentest4j/1.2.0/opentest4j-1.2.0-sources.jar
2025-11-25 12:46:25,823 [Worker-42: Download sources and javadoc] INFO  o.e.m.c.i.e.AbstractTransferListenerAdapter - Downloaded https://repo.maven.apache.org/maven2/org/opentest4j/opentest4j/1.2.0/opentest4j-1.2.0-sources.jar
2025-11-25 12:46:25,828 [Worker-42: Download sources and javadoc] INFO  o.e.m.j.internal.DownloadSourcesJob - Downloaded sources for org.opentest4j:opentest4j:1.2.0
2025-11-25 12:46:25,878 [Worker-42: Download sources and javadoc] INFO  o.e.m.c.i.e.AbstractTransferListenerAdapter - Downloading https://repo.maven.apache.org/maven2/org/junit/platform/junit-platform-commons/1.6.2/junit-platform-commons-1.6.2-sources.jar
2025-11-25 12:46:25,905 [Worker-33: Launching Executing install in C__Users_hel21_Desktop_programacion_java_ejemploUnit] INFO  o.eclipse.m2e.core.internal.Bundles - getClasspathEntries(Bundle=org.eclipse.m2e.maven.runtime_3.9.1100.20250811-2018 [639])
2025-11-25 12:46:25,906 [Worker-33: Launching Executing install in C__Users_hel21_Desktop_programacion_java_ejemploUnit] INFO  o.eclipse.m2e.core.internal.Bundles - 	Entry: C:\Users\hel21\.p2\pool\plugins\org.eclipse.m2e.maven.runtime_3.9.1100.20250811-2018
2025-11-25 12:46:25,906 [Worker-33: Launching Executing install in C__Users_hel21_Desktop_programacion_java_ejemploUnit] INFO  o.eclipse.m2e.core.internal.Bundles - 	Entry: C:\Users\hel21\.p2\pool\plugins\org.eclipse.m2e.maven.runtime_3.9.1100.20250811-2018\jars\aopalliance-1.0.jar
2025-11-25 12:46:25,907 [Worker-33: Launching Executing install in C__Users_hel21_Desktop_programacion_java_ejemploUnit] INFO  o.eclipse.m2e.core.internal.Bundles - 	Entry: C:\Users\hel21\.p2\pool\plugins\org.eclipse.m2e.maven.runtime_3.9.1100.20250811-2018\jars\asm-9.8.jar
2025-11-25 12:46:25,907 [Worker-33: Launching Executing install in C__Users_hel21_Desktop_programacion_java_ejemploUnit] INFO  o.eclipse.m2e.core.internal.Bundles - 	Entry: C:\Users\hel21\.p2\pool\plugins\org.eclipse.m2e.maven.runtime_3.9.1100.20250811-2018\jars\error_prone_annotations-2.38.0.jar
2025-11-25 12:46:25,907 [Worker-33: Launching Executing install in C__Users_hel21_Desktop_programacion_java_ejemploUnit] INFO  o.eclipse.m2e.core.internal.Bundles - 	Entry: C:\Users\hel21\.p2\pool\plugins\org.eclipse.m2e.maven.runtime_3.9.1100.20250811-2018\jars\gson-2.13.1.jar
2025-11-25 12:46:25,907 [Worker-33: Launching Executing install in C__Users_hel21_Desktop_programacion_java_ejemploUnit] INFO  o.eclipse.m2e.core.internal.Bundles - 	Entry: C:\Users\hel21\.p2\pool\plugins\org.eclipse.m2e.maven.runtime_3.9.1100.20250811-2018\jars\guice-5.1.0-classes.jar
2025-11-25 12:46:25,907 [Worker-33: Launching Executing install in C__Users_hel21_Desktop_programacion_java_ejemploUnit] INFO  o.eclipse.m2e.core.internal.Bundles - 	Entry: C:\Users\hel21\.p2\pool\plugins\org.eclipse.m2e.maven.runtime_3.9.1100.20250811-2018\jars\httpclient-4.5.14.jar
2025-11-25 12:46:25,907 [Worker-33: Launching Executing install in C__Users_hel21_Desktop_programacion_java_ejemploUnit] INFO  o.eclipse.m2e.core.internal.Bundles - 	Entry: C:\Users\hel21\.p2\pool\plugins\org.eclipse.m2e.maven.runtime_3.9.1100.20250811-2018\jars\httpcore-4.4.16.jar
2025-11-25 12:46:25,907 [Worker-33: Launching Executing install in C__Users_hel21_Desktop_programacion_java_ejemploUnit] INFO  o.eclipse.m2e.core.internal.Bundles - 	Entry: C:\Users\hel21\.p2\pool\plugins\org.eclipse.m2e.maven.runtime_3.9.1100.20250811-2018\jars\jansi-2.4.2.jar
2025-11-25 12:46:25,907 [Worker-33: Launching Executing install in C__Users_hel21_Desktop_programacion_java_ejemploUnit] INFO  o.eclipse.m2e.core.internal.Bundles - 	Entry: C:\Users\hel21\.p2\pool\plugins\org.eclipse.m2e.maven.runtime_3.9.1100.20250811-2018\jars\jcl-over-slf4j-1.7.36.jar
2025-11-25 12:46:25,907 [Worker-33: Launching Executing install in C__Users_hel21_Desktop_programacion_java_ejemploUnit] INFO  o.eclipse.m2e.core.internal.Bundles - 	Entry: C:\Users\hel21\.p2\pool\plugins\org.eclipse.m2e.maven.runtime_3.9.1100.20250811-2018\jars\maven-artifact-3.9.11.jar
2025-11-25 12:46:25,907 [Worker-33: Launching Executing install in C__Users_hel21_Desktop_programacion_java_ejemploUnit] INFO  o.eclipse.m2e.core.internal.Bundles - 	Entry: C:\Users\hel21\.p2\pool\plugins\org.eclipse.m2e.maven.runtime_3.9.1100.20250811-2018\jars\maven-builder-support-3.9.11.jar
2025-11-25 12:46:25,908 [Worker-33: Launching Executing install in C__Users_hel21_Desktop_programacion_java_ejemploUnit] INFO  o.eclipse.m2e.core.internal.Bundles - 	Entry: C:\Users\hel21\.p2\pool\plugins\org.eclipse.m2e.maven.runtime_3.9.1100.20250811-2018\jars\maven-compat-3.9.11.jar
2025-11-25 12:46:25,908 [Worker-33: Launching Executing install in C__Users_hel21_Desktop_programacion_java_ejemploUnit] INFO  o.eclipse.m2e.core.internal.Bundles - 	Entry: C:\Users\hel21\.p2\pool\plugins\org.eclipse.m2e.maven.runtime_3.9.1100.20250811-2018\jars\maven-core-3.9.11.jar
2025-11-25 12:46:25,908 [Worker-33: Launching Executing install in C__Users_hel21_Desktop_programacion_java_ejemploUnit] INFO  o.eclipse.m2e.core.internal.Bundles - 	Entry: C:\Users\hel21\.p2\pool\plugins\org.eclipse.m2e.maven.runtime_3.9.1100.20250811-2018\jars\maven-embedder-3.9.11.jar
2025-11-25 12:46:25,908 [Worker-33: Launching Executing install in C__Users_hel21_Desktop_programacion_java_ejemploUnit] INFO  o.eclipse.m2e.core.internal.Bundles - 	Entry: C:\Users\hel21\.p2\pool\plugins\org.eclipse.m2e.maven.runtime_3.9.1100.20250811-2018\jars\maven-model-3.9.11.jar
2025-11-25 12:46:25,908 [Worker-33: Launching Executing install in C__Users_hel21_Desktop_programacion_java_ejemploUnit] INFO  o.eclipse.m2e.core.internal.Bundles - 	Entry: C:\Users\hel21\.p2\pool\plugins\org.eclipse.m2e.maven.runtime_3.9.1100.20250811-2018\jars\maven-model-builder-3.9.11.jar
2025-11-25 12:46:25,908 [Worker-33: Launching Executing install in C__Users_hel21_Desktop_programacion_java_ejemploUnit] INFO  o.eclipse.m2e.core.internal.Bundles - 	Entry: C:\Users\hel21\.p2\pool\plugins\org.eclipse.m2e.maven.runtime_3.9.1100.20250811-2018\jars\maven-plugin-api-3.9.11.jar
2025-11-25 12:46:25,908 [Worker-33: Launching Executing install in C__Users_hel21_Desktop_programacion_java_ejemploUnit] INFO  o.eclipse.m2e.core.internal.Bundles - 	Entry: C:\Users\hel21\.p2\pool\plugins\org.eclipse.m2e.maven.runtime_3.9.1100.20250811-2018\jars\maven-repository-metadata-3.9.11.jar
2025-11-25 12:46:25,908 [Worker-33: Launching Executing install in C__Users_hel21_Desktop_programacion_java_ejemploUnit] INFO  o.eclipse.m2e.core.internal.Bundles - 	Entry: C:\Users\hel21\.p2\pool\plugins\org.eclipse.m2e.maven.runtime_3.9.1100.20250811-2018\jars\maven-resolver-api-1.9.24.jar
2025-11-25 12:46:25,908 [Worker-33: Launching Executing install in C__Users_hel21_Desktop_programacion_java_ejemploUnit] INFO  o.eclipse.m2e.core.internal.Bundles - 	Entry: C:\Users\hel21\.p2\pool\plugins\org.eclipse.m2e.maven.runtime_3.9.1100.20250811-2018\jars\maven-resolver-connector-basic-1.9.24.jar
2025-11-25 12:46:25,908 [Worker-33: Launching Executing install in C__Users_hel21_Desktop_programacion_java_ejemploUnit] INFO  o.eclipse.m2e.core.internal.Bundles - 	Entry: C:\Users\hel21\.p2\pool\plugins\org.eclipse.m2e.maven.runtime_3.9.1100.20250811-2018\jars\maven-resolver-impl-1.9.24.jar
2025-11-25 12:46:25,909 [Worker-33: Launching Executing install in C__Users_hel21_Desktop_programacion_java_ejemploUnit] INFO  o.eclipse.m2e.core.internal.Bundles - 	Entry: C:\Users\hel21\.p2\pool\plugins\org.eclipse.m2e.maven.runtime_3.9.1100.20250811-2018\jars\maven-resolver-named-locks-1.9.24.jar
2025-11-25 12:46:25,909 [Worker-33: Launching Executing install in C__Users_hel21_Desktop_programacion_java_ejemploUnit] INFO  o.eclipse.m2e.core.internal.Bundles - 	Entry: C:\Users\hel21\.p2\pool\plugins\org.eclipse.m2e.maven.runtime_3.9.1100.20250811-2018\jars\maven-resolver-provider-3.9.11.jar
2025-11-25 12:46:25,909 [Worker-33: Launching Executing install in C__Users_hel21_Desktop_programacion_java_ejemploUnit] INFO  o.eclipse.m2e.core.internal.Bundles - 	Entry: C:\Users\hel21\.p2\pool\plugins\org.eclipse.m2e.maven.runtime_3.9.1100.20250811-2018\jars\maven-resolver-spi-1.9.24.jar
2025-11-25 12:46:25,909 [Worker-33: Launching Executing install in C__Users_hel21_Desktop_programacion_java_ejemploUnit] INFO  o.eclipse.m2e.core.internal.Bundles - 	Entry: C:\Users\hel21\.p2\pool\plugins\org.eclipse.m2e.maven.runtime_3.9.1100.20250811-2018\jars\maven-resolver-transport-file-1.9.24.jar
2025-11-25 12:46:25,909 [Worker-33: Launching Executing install in C__Users_hel21_Desktop_programacion_java_ejemploUnit] INFO  o.eclipse.m2e.core.internal.Bundles - 	Entry: C:\Users\hel21\.p2\pool\plugins\org.eclipse.m2e.maven.runtime_3.9.1100.20250811-2018\jars\maven-resolver-transport-http-1.9.24.jar
2025-11-25 12:46:25,909 [Worker-33: Launching Executing install in C__Users_hel21_Desktop_programacion_java_ejemploUnit] INFO  o.eclipse.m2e.core.internal.Bundles - 	Entry: C:\Users\hel21\.p2\pool\plugins\org.eclipse.m2e.maven.runtime_3.9.1100.20250811-2018\jars\maven-resolver-transport-wagon-1.9.24.jar
2025-11-25 12:46:25,909 [Worker-33: Launching Executing install in C__Users_hel21_Desktop_programacion_java_ejemploUnit] INFO  o.eclipse.m2e.core.internal.Bundles - 	Entry: C:\Users\hel21\.p2\pool\plugins\org.eclipse.m2e.maven.runtime_3.9.1100.20250811-2018\jars\maven-resolver-util-1.9.24.jar
2025-11-25 12:46:25,909 [Worker-33: Launching Executing install in C__Users_hel21_Desktop_programacion_java_ejemploUnit] INFO  o.eclipse.m2e.core.internal.Bundles - 	Entry: C:\Users\hel21\.p2\pool\plugins\org.eclipse.m2e.maven.runtime_3.9.1100.20250811-2018\jars\maven-settings-3.9.11.jar
2025-11-25 12:46:25,909 [Worker-33: Launching Executing install in C__Users_hel21_Desktop_programacion_java_ejemploUnit] INFO  o.eclipse.m2e.core.internal.Bundles - 	Entry: C:\Users\hel21\.p2\pool\plugins\org.eclipse.m2e.maven.runtime_3.9.1100.20250811-2018\jars\maven-settings-builder-3.9.11.jar
2025-11-25 12:46:25,909 [Worker-33: Launching Executing install in C__Users_hel21_Desktop_programacion_java_ejemploUnit] INFO  o.eclipse.m2e.core.internal.Bundles - 	Entry: C:\Users\hel21\.p2\pool\plugins\org.eclipse.m2e.maven.runtime_3.9.1100.20250811-2018\jars\maven-shared-utils-3.4.2.jar
2025-11-25 12:46:25,909 [Worker-33: Launching Executing install in C__Users_hel21_Desktop_programacion_java_ejemploUnit] INFO  o.eclipse.m2e.core.internal.Bundles - 	Entry: C:\Users\hel21\.p2\pool\plugins\org.eclipse.m2e.maven.runtime_3.9.1100.20250811-2018\jars\org.eclipse.sisu.inject-0.9.0.M4.jar
2025-11-25 12:46:25,910 [Worker-33: Launching Executing install in C__Users_hel21_Desktop_programacion_java_ejemploUnit] INFO  o.eclipse.m2e.core.internal.Bundles - 	Entry: C:\Users\hel21\.p2\pool\plugins\org.eclipse.m2e.maven.runtime_3.9.1100.20250811-2018\jars\org.eclipse.sisu.plexus-0.9.0.M4.jar
2025-11-25 12:46:25,910 [Worker-33: Launching Executing install in C__Users_hel21_Desktop_programacion_java_ejemploUnit] INFO  o.eclipse.m2e.core.internal.Bundles - 	Entry: C:\Users\hel21\.p2\pool\plugins\org.eclipse.m2e.maven.runtime_3.9.1100.20250811-2018\jars\plexus-build-api-0.0.7.jar
2025-11-25 12:46:25,910 [Worker-33: Launching Executing install in C__Users_hel21_Desktop_programacion_java_ejemploUnit] INFO  o.eclipse.m2e.core.internal.Bundles - 	Entry: C:\Users\hel21\.p2\pool\plugins\org.eclipse.m2e.maven.runtime_3.9.1100.20250811-2018\jars\plexus-build-api-1.2.0.jar
2025-11-25 12:46:25,910 [Worker-33: Launching Executing install in C__Users_hel21_Desktop_programacion_java_ejemploUnit] INFO  o.eclipse.m2e.core.internal.Bundles - 	Entry: C:\Users\hel21\.p2\pool\plugins\org.eclipse.m2e.maven.runtime_3.9.1100.20250811-2018\jars\plexus-cipher-2.0.jar
2025-11-25 12:46:25,910 [Worker-33: Launching Executing install in C__Users_hel21_Desktop_programacion_java_ejemploUnit] INFO  o.eclipse.m2e.core.internal.Bundles - 	Entry: C:\Users\hel21\.p2\pool\plugins\org.eclipse.m2e.maven.runtime_3.9.1100.20250811-2018\jars\plexus-classworlds-2.9.0.jar
2025-11-25 12:46:25,910 [Worker-33: Launching Executing install in C__Users_hel21_Desktop_programacion_java_ejemploUnit] INFO  o.eclipse.m2e.core.internal.Bundles - 	Entry: C:\Users\hel21\.p2\pool\plugins\org.eclipse.m2e.maven.runtime_3.9.1100.20250811-2018\jars\plexus-component-annotations-2.2.0.jar
2025-11-25 12:46:25,910 [Worker-33: Launching Executing install in C__Users_hel21_Desktop_programacion_java_ejemploUnit] INFO  o.eclipse.m2e.core.internal.Bundles - 	Entry: C:\Users\hel21\.p2\pool\plugins\org.eclipse.m2e.maven.runtime_3.9.1100.20250811-2018\jars\plexus-interpolation-1.28.jar
2025-11-25 12:46:25,910 [Worker-33: Launching Executing install in C__Users_hel21_Desktop_programacion_java_ejemploUnit] INFO  o.eclipse.m2e.core.internal.Bundles - 	Entry: C:\Users\hel21\.p2\pool\plugins\org.eclipse.m2e.maven.runtime_3.9.1100.20250811-2018\jars\plexus-sec-dispatcher-2.0.jar
2025-11-25 12:46:25,910 [Worker-33: Launching Executing install in C__Users_hel21_Desktop_programacion_java_ejemploUnit] INFO  o.eclipse.m2e.core.internal.Bundles - 	Entry: C:\Users\hel21\.p2\pool\plugins\org.eclipse.m2e.maven.runtime_3.9.1100.20250811-2018\jars\plexus-utils-3.6.0.jar
2025-11-25 12:46:25,911 [Worker-33: Launching Executing install in C__Users_hel21_Desktop_programacion_java_ejemploUnit] INFO  o.eclipse.m2e.core.internal.Bundles - 	Entry: C:\Users\hel21\.p2\pool\plugins\org.eclipse.m2e.maven.runtime_3.9.1100.20250811-2018\jars\wagon-file-3.5.3.jar
2025-11-25 12:46:25,911 [Worker-33: Launching Executing install in C__Users_hel21_Desktop_programacion_java_ejemploUnit] INFO  o.eclipse.m2e.core.internal.Bundles - 	Entry: C:\Users\hel21\.p2\pool\plugins\org.eclipse.m2e.maven.runtime_3.9.1100.20250811-2018\jars\wagon-http-3.5.3.jar
2025-11-25 12:46:25,911 [Worker-33: Launching Executing install in C__Users_hel21_Desktop_programacion_java_ejemploUnit] INFO  o.eclipse.m2e.core.internal.Bundles - 	Entry: C:\Users\hel21\.p2\pool\plugins\org.eclipse.m2e.maven.runtime_3.9.1100.20250811-2018\jars\wagon-http-shared-3.5.3.jar
2025-11-25 12:46:25,911 [Worker-33: Launching Executing install in C__Users_hel21_Desktop_programacion_java_ejemploUnit] INFO  o.eclipse.m2e.core.internal.Bundles - 	Entry: C:\Users\hel21\.p2\pool\plugins\org.eclipse.m2e.maven.runtime_3.9.1100.20250811-2018\jars\wagon-provider-api-3.5.3.jar
2025-11-25 12:46:25,911 [Worker-33: Launching Executing install in C__Users_hel21_Desktop_programacion_java_ejemploUnit] INFO  o.eclipse.m2e.core.internal.Bundles - getClasspathEntries(Bundle=com.google.guava_33.4.8.jre [18])
2025-11-25 12:46:25,911 [Worker-33: Launching Executing install in C__Users_hel21_Desktop_programacion_java_ejemploUnit] INFO  o.eclipse.m2e.core.internal.Bundles - 	Entry: C:\Users\hel21\.p2\pool\plugins\com.google.guava_33.4.8.jre.jar
2025-11-25 12:46:25,912 [Worker-33: Launching Executing install in C__Users_hel21_Desktop_programacion_java_ejemploUnit] INFO  o.eclipse.m2e.core.internal.Bundles - getClasspathEntries(Bundle=slf4j.api_2.0.17 [1004])
2025-11-25 12:46:25,912 [Worker-33: Launching Executing install in C__Users_hel21_Desktop_programacion_java_ejemploUnit] INFO  o.eclipse.m2e.core.internal.Bundles - 	Entry: C:\Users\hel21\.p2\pool\plugins\slf4j.api_2.0.17.jar
2025-11-25 12:46:25,912 [Worker-33: Launching Executing install in C__Users_hel21_Desktop_programacion_java_ejemploUnit] INFO  o.eclipse.m2e.core.internal.Bundles - getClasspathEntries(Bundle=jakarta.inject.jakarta.inject-api_1.0.5 [35])
2025-11-25 12:46:25,912 [Worker-33: Launching Executing install in C__Users_hel21_Desktop_programacion_java_ejemploUnit] INFO  o.eclipse.m2e.core.internal.Bundles - 	Entry: C:\Users\hel21\.p2\pool\plugins\jakarta.inject.jakarta.inject-api_1.0.5.jar
2025-11-25 12:46:25,913 [Worker-33: Launching Executing install in C__Users_hel21_Desktop_programacion_java_ejemploUnit] INFO  o.eclipse.m2e.core.internal.Bundles - getClasspathEntries(Bundle=jakarta.annotation-api_1.3.5 [31])
2025-11-25 12:46:25,913 [Worker-33: Launching Executing install in C__Users_hel21_Desktop_programacion_java_ejemploUnit] INFO  o.eclipse.m2e.core.internal.Bundles - 	Entry: C:\Users\hel21\.p2\pool\plugins\jakarta.annotation-api_1.3.5.jar
2025-11-25 12:46:25,913 [Worker-33: Launching Executing install in C__Users_hel21_Desktop_programacion_java_ejemploUnit] INFO  o.eclipse.m2e.core.internal.Bundles - getClasspathEntries(Bundle=org.apache.commons.cli_1.10.0 [75])
2025-11-25 12:46:25,913 [Worker-33: Launching Executing install in C__Users_hel21_Desktop_programacion_java_ejemploUnit] INFO  o.eclipse.m2e.core.internal.Bundles - 	Entry: C:\Users\hel21\.p2\pool\plugins\org.apache.commons.cli_1.10.0.jar
2025-11-25 12:46:25,913 [Worker-33: Launching Executing install in C__Users_hel21_Desktop_programacion_java_ejemploUnit] INFO  o.eclipse.m2e.core.internal.Bundles - getClasspathEntries(Bundle=org.apache.commons.commons-codec_1.19.0 [77])
2025-11-25 12:46:25,914 [Worker-33: Launching Executing install in C__Users_hel21_Desktop_programacion_java_ejemploUnit] INFO  o.eclipse.m2e.core.internal.Bundles - 	Entry: C:\Users\hel21\.p2\pool\plugins\org.apache.commons.commons-codec_1.19.0.jar
2025-11-25 12:46:25,914 [Worker-33: Launching Executing install in C__Users_hel21_Desktop_programacion_java_ejemploUnit] INFO  o.eclipse.m2e.core.internal.Bundles - getClasspathEntries(Bundle=com.google.guava.failureaccess_1.0.3 [19])
2025-11-25 12:46:25,915 [Worker-33: Launching Executing install in C__Users_hel21_Desktop_programacion_java_ejemploUnit] INFO  o.eclipse.m2e.core.internal.Bundles - 	Entry: C:\Users\hel21\.p2\pool\plugins\com.google.guava.failureaccess_1.0.3.jar
2025-11-25 12:46:25,916 [Worker-33: Launching Executing install in C__Users_hel21_Desktop_programacion_java_ejemploUnit] INFO  o.e.m.i.launch.MavenLaunchDelegate - Run build in "C:\Users\hel21\Desktop\programacion\java\ejemploUnit":
2025-11-25 12:46:25,916 [Worker-33: Launching Executing install in C__Users_hel21_Desktop_programacion_java_ejemploUnit] INFO  o.e.m.i.launch.MavenLaunchDelegate -  mvn  -B -Dstyle.color=always install
2025-11-25 12:46:25,947 [Worker-42: Download sources and javadoc] INFO  o.e.m.c.i.e.AbstractTransferListenerAdapter - Downloaded https://repo.maven.apache.org/maven2/org/junit/platform/junit-platform-commons/1.6.2/junit-platform-commons-1.6.2-sources.jar
2025-11-25 12:46:25,951 [Worker-42: Download sources and javadoc] INFO  o.e.m.j.internal.DownloadSourcesJob - Downloaded sources for org.junit.platform:junit-platform-commons:1.6.2
2025-11-25 12:46:26,010 [Worker-42: Download sources and javadoc] INFO  o.e.m.c.i.e.AbstractTransferListenerAdapter - Downloading https://repo.maven.apache.org/maven2/org/junit/jupiter/junit-jupiter-engine/5.6.2/junit-jupiter-engine-5.6.2-sources.jar
2025-11-25 12:46:26,078 [Worker-42: Download sources and javadoc] INFO  o.e.m.c.i.e.AbstractTransferListenerAdapter - Downloaded https://repo.maven.apache.org/maven2/org/junit/jupiter/junit-jupiter-engine/5.6.2/junit-jupiter-engine-5.6.2-sources.jar
2025-11-25 12:46:26,082 [Worker-42: Download sources and javadoc] INFO  o.e.m.j.internal.DownloadSourcesJob - Downloaded sources for org.junit.jupiter:junit-jupiter-engine:5.6.2
2025-11-25 12:46:26,145 [Worker-42: Download sources and javadoc] INFO  o.e.m.c.i.e.AbstractTransferListenerAdapter - Downloading https://repo.maven.apache.org/maven2/org/junit/platform/junit-platform-engine/1.6.2/junit-platform-engine-1.6.2-sources.jar
2025-11-25 12:46:26,202 [Worker-42: Download sources and javadoc] INFO  o.e.m.c.i.e.AbstractTransferListenerAdapter - Downloaded https://repo.maven.apache.org/maven2/org/junit/platform/junit-platform-engine/1.6.2/junit-platform-engine-1.6.2-sources.jar
2025-11-25 12:46:26,206 [Worker-42: Download sources and javadoc] INFO  o.e.m.j.internal.DownloadSourcesJob - Downloaded sources for org.junit.platform:junit-platform-engine:1.6.2
2025-11-25 12:46:26,261 [Worker-42: Download sources and javadoc] INFO  o.e.m.c.i.e.AbstractTransferListenerAdapter - Downloading https://repo.maven.apache.org/maven2/org/junit/jupiter/junit-jupiter-params/5.6.2/junit-jupiter-params-5.6.2-sources.jar
2025-11-25 12:46:26,302 [Worker-42: Download sources and javadoc] INFO  o.e.m.c.i.e.AbstractTransferListenerAdapter - Downloaded https://repo.maven.apache.org/maven2/org/junit/jupiter/junit-jupiter-params/5.6.2/junit-jupiter-params-5.6.2-sources.jar
2025-11-25 12:46:26,307 [Worker-42: Download sources and javadoc] INFO  o.e.m.j.internal.DownloadSourcesJob - Downloaded sources for org.junit.jupiter:junit-jupiter-params:5.6.2
2025-11-25 12:46:26,320 [BasicRepositoryConnector-repo.maven.apache.org-8-2] INFO  o.e.m.c.i.e.AbstractTransferListenerAdapter - Downloaded https://repo.maven.apache.org/maven2/com/google/code/findbugs/jsr305/2.0.1/jsr305-2.0.1.jar
2025-11-25 12:46:26,871 [Worker-40: Creating java11-junit5] INFO  o.e.m.j.i.AbstractJavaProjectConfigurator - Adding source folder /ejemploUnit/src/main/java
2025-11-25 12:46:26,872 [Worker-40: Creating java11-junit5] INFO  o.e.m.j.i.AbstractJavaProjectConfigurator - Adding resource folder /ejemploUnit/src/main/resources
2025-11-25 12:46:26,891 [Worker-40: Creating java11-junit5] INFO  o.e.m.j.i.AbstractJavaProjectConfigurator - Adding source folder /ejemploUnit/src/test/java
2025-11-25 12:46:26,892 [Worker-40: Creating java11-junit5] INFO  o.e.m.j.i.AbstractJavaProjectConfigurator - Adding resource folder /ejemploUnit/src/test/resources
2025-11-25 12:46:27,021 [Worker-40: Creating java11-junit5] WARN  o.apache.maven.project.MavenProject - Direct modification of compileSourceRoots through clear() is deprecated and will not work in Maven 4.0.0. Please use the add/remove methods instead. If you're using a plugin that causes this warning, please upgrade to the latest version and report an issue if the warning persists. To disable these warnings, set -Dmaven.project.sourceRoots.warningsDisabled=true on the command line, in the .mvn/maven.config file, or in project POM properties.
2025-11-25 12:46:27,022 [Worker-40: Creating java11-junit5] WARN  o.apache.maven.project.MavenProject - Direct modification of compileSourceRoots through add() is deprecated and will not work in Maven 4.0.0. Please use the add/remove methods instead. If you're using a plugin that causes this warning, please upgrade to the latest version and report an issue if the warning persists. To disable these warnings, set -Dmaven.project.sourceRoots.warningsDisabled=true on the command line, in the .mvn/maven.config file, or in project POM properties.
2025-11-25 12:46:27,024 [Worker-40: Creating java11-junit5] WARN  o.apache.maven.project.MavenProject - Direct modification of testCompileSourceRoots through clear() is deprecated and will not work in Maven 4.0.0. Please use the add/remove methods instead. If you're using a plugin that causes this warning, please upgrade to the latest version and report an issue if the warning persists. To disable these warnings, set -Dmaven.project.sourceRoots.warningsDisabled=true on the command line, in the .mvn/maven.config file, or in project POM properties.
2025-11-25 12:46:27,024 [Worker-40: Creating java11-junit5] WARN  o.apache.maven.project.MavenProject - Direct modification of testCompileSourceRoots through add() is deprecated and will not work in Maven 4.0.0. Please use the add/remove methods instead. If you're using a plugin that causes this warning, please upgrade to the latest version and report an issue if the warning persists. To disable these warnings, set -Dmaven.project.sourceRoots.warningsDisabled=true on the command line, in the .mvn/maven.config file, or in project POM properties.
2025-11-25 12:46:27,032 [Worker-40: Creating java11-junit5] INFO  o.e.m.c.i.p.ProjectConfigurationManager - Imported and configured 1 project(s) in 19 sec
2025-11-25 12:46:27,542 [Worker-44: Building] INFO  o.e.m.c.i.embedder.EclipseLogger - Using 'UTF-8' encoding to copy filtered resources.
2025-11-25 12:46:27,542 [Worker-44: Building] INFO  o.e.m.c.i.embedder.EclipseLogger - skip non existing resourceDirectory C:\Users\hel21\Desktop\programacion\java\ejemploUnit\src\main\resources
2025-11-25 12:46:27,547 [Worker-44: Building] INFO  o.e.m.c.i.embedder.EclipseLogger - Using 'UTF-8' encoding to copy filtered resources.
2025-11-25 12:46:27,548 [Worker-44: Building] INFO  o.e.m.c.i.embedder.EclipseLogger - skip non existing resourceDirectory C:\Users\hel21\Desktop\programacion\java\ejemploUnit\src\test\resources
2025-11-25 12:46:27,947 [Worker-44: Building] WARN  o.apache.maven.project.MavenProject - Direct modification of compileSourceRoots through clear() is deprecated and will not work in Maven 4.0.0. Please use the add/remove methods instead. If you're using a plugin that causes this warning, please upgrade to the latest version and report an issue if the warning persists. To disable these warnings, set -Dmaven.project.sourceRoots.warningsDisabled=true on the command line, in the .mvn/maven.config file, or in project POM properties.
2025-11-25 12:46:27,948 [Worker-44: Building] WARN  o.apache.maven.project.MavenProject - Direct modification of compileSourceRoots through add() is deprecated and will not work in Maven 4.0.0. Please use the add/remove methods instead. If you're using a plugin that causes this warning, please upgrade to the latest version and report an issue if the warning persists. To disable these warnings, set -Dmaven.project.sourceRoots.warningsDisabled=true on the command line, in the .mvn/maven.config file, or in project POM properties.
2025-11-25 12:46:27,948 [Worker-44: Building] WARN  o.apache.maven.project.MavenProject - Direct modification of testCompileSourceRoots through clear() is deprecated and will not work in Maven 4.0.0. Please use the add/remove methods instead. If you're using a plugin that causes this warning, please upgrade to the latest version and report an issue if the warning persists. To disable these warnings, set -Dmaven.project.sourceRoots.warningsDisabled=true on the command line, in the .mvn/maven.config file, or in project POM properties.
2025-11-25 12:46:27,949 [Worker-44: Building] WARN  o.apache.maven.project.MavenProject - Direct modification of testCompileSourceRoots through add() is deprecated and will not work in Maven 4.0.0. Please use the add/remove methods instead. If you're using a plugin that causes this warning, please upgrade to the latest version and report an issue if the warning persists. To disable these warnings, set -Dmaven.project.sourceRoots.warningsDisabled=true on the command line, in the .mvn/maven.config file, or in project POM properties.
2025-11-25 12:47:01,253 [Worker-46: Building] INFO  o.e.m.c.i.embedder.EclipseLogger - Using 'UTF-8' encoding to copy filtered resources.
2025-11-25 12:47:01,253 [Worker-46: Building] INFO  o.e.m.c.i.embedder.EclipseLogger - skip non existing resourceDirectory C:\Users\hel21\Desktop\programacion\java\ejemploUnit\src\main\resources
2025-11-25 12:47:01,256 [Worker-46: Building] INFO  o.e.m.c.i.embedder.EclipseLogger - Using 'UTF-8' encoding to copy filtered resources.
2025-11-25 12:47:01,256 [Worker-46: Building] INFO  o.e.m.c.i.embedder.EclipseLogger - skip non existing resourceDirectory C:\Users\hel21\Desktop\programacion\java\ejemploUnit\src\test\resources
2025-11-25 12:47:01,257 [Worker-46: Building] WARN  o.apache.maven.project.MavenProject - Direct modification of compileSourceRoots through clear() is deprecated and will not work in Maven 4.0.0. Please use the add/remove methods instead. If you're using a plugin that causes this warning, please upgrade to the latest version and report an issue if the warning persists. To disable these warnings, set -Dmaven.project.sourceRoots.warningsDisabled=true on the command line, in the .mvn/maven.config file, or in project POM properties.
2025-11-25 12:47:01,258 [Worker-46: Building] WARN  o.apache.maven.project.MavenProject - Direct modification of compileSourceRoots through add() is deprecated and will not work in Maven 4.0.0. Please use the add/remove methods instead. If you're using a plugin that causes this warning, please upgrade to the latest version and report an issue if the warning persists. To disable these warnings, set -Dmaven.project.sourceRoots.warningsDisabled=true on the command line, in the .mvn/maven.config file, or in project POM properties.
2025-11-25 12:47:01,259 [Worker-46: Building] WARN  o.apache.maven.project.MavenProject - Direct modification of testCompileSourceRoots through clear() is deprecated and will not work in Maven 4.0.0. Please use the add/remove methods instead. If you're using a plugin that causes this warning, please upgrade to the latest version and report an issue if the warning persists. To disable these warnings, set -Dmaven.project.sourceRoots.warningsDisabled=true on the command line, in the .mvn/maven.config file, or in project POM properties.
2025-11-25 12:47:01,260 [Worker-46: Building] WARN  o.apache.maven.project.MavenProject - Direct modification of testCompileSourceRoots through add() is deprecated and will not work in Maven 4.0.0. Please use the add/remove methods instead. If you're using a plugin that causes this warning, please upgrade to the latest version and report an issue if the warning persists. To disable these warnings, set -Dmaven.project.sourceRoots.warningsDisabled=true on the command line, in the .mvn/maven.config file, or in project POM properties.
2025-11-25 12:49:09,729 [Worker-33: Building] INFO  o.e.m.c.i.embedder.EclipseLogger - Using 'UTF-8' encoding to copy filtered resources.
2025-11-25 12:49:09,729 [Worker-33: Building] INFO  o.e.m.c.i.embedder.EclipseLogger - skip non existing resourceDirectory C:\Users\hel21\Desktop\programacion\java\ejemploUnit\src\main\resources
2025-11-25 12:49:09,731 [Worker-33: Building] INFO  o.e.m.c.i.embedder.EclipseLogger - Using 'UTF-8' encoding to copy filtered resources.
2025-11-25 12:49:09,731 [Worker-33: Building] INFO  o.e.m.c.i.embedder.EclipseLogger - skip non existing resourceDirectory C:\Users\hel21\Desktop\programacion\java\ejemploUnit\src\test\resources
2025-11-25 12:49:09,731 [Worker-33: Building] WARN  o.apache.maven.project.MavenProject - Direct modification of compileSourceRoots through clear() is deprecated and will not work in Maven 4.0.0. Please use the add/remove methods instead. If you're using a plugin that causes this warning, please upgrade to the latest version and report an issue if the warning persists. To disable these warnings, set -Dmaven.project.sourceRoots.warningsDisabled=true on the command line, in the .mvn/maven.config file, or in project POM properties.
2025-11-25 12:49:09,731 [Worker-33: Building] WARN  o.apache.maven.project.MavenProject - Direct modification of compileSourceRoots through add() is deprecated and will not work in Maven 4.0.0. Please use the add/remove methods instead. If you're using a plugin that causes this warning, please upgrade to the latest version and report an issue if the warning persists. To disable these warnings, set -Dmaven.project.sourceRoots.warningsDisabled=true on the command line, in the .mvn/maven.config file, or in project POM properties.
2025-11-25 12:49:09,732 [Worker-33: Building] WARN  o.apache.maven.project.MavenProject - Direct modification of testCompileSourceRoots through clear() is deprecated and will not work in Maven 4.0.0. Please use the add/remove methods instead. If you're using a plugin that causes this warning, please upgrade to the latest version and report an issue if the warning persists. To disable these warnings, set -Dmaven.project.sourceRoots.warningsDisabled=true on the command line, in the .mvn/maven.config file, or in project POM properties.
2025-11-25 12:49:09,733 [Worker-33: Building] WARN  o.apache.maven.project.MavenProject - Direct modification of testCompileSourceRoots through add() is deprecated and will not work in Maven 4.0.0. Please use the add/remove methods instead. If you're using a plugin that causes this warning, please upgrade to the latest version and report an issue if the warning persists. To disable these warnings, set -Dmaven.project.sourceRoots.warningsDisabled=true on the command line, in the .mvn/maven.config file, or in project POM properties.
2025-11-25 12:50:30,921 [Worker-44: Building] INFO  o.e.m.c.i.embedder.EclipseLogger - Using 'UTF-8' encoding to copy filtered resources.
2025-11-25 12:50:30,922 [Worker-44: Building] INFO  o.e.m.c.i.embedder.EclipseLogger - skip non existing resourceDirectory C:\Users\hel21\Desktop\programacion\java\ejemploUnit\src\main\resources
2025-11-25 12:50:30,924 [Worker-44: Building] INFO  o.e.m.c.i.embedder.EclipseLogger - Using 'UTF-8' encoding to copy filtered resources.
2025-11-25 12:50:30,924 [Worker-44: Building] INFO  o.e.m.c.i.embedder.EclipseLogger - skip non existing resourceDirectory C:\Users\hel21\Desktop\programacion\java\ejemploUnit\src\test\resources
2025-11-25 12:50:30,925 [Worker-44: Building] WARN  o.apache.maven.project.MavenProject - Direct modification of compileSourceRoots through clear() is deprecated and will not work in Maven 4.0.0. Please use the add/remove methods instead. If you're using a plugin that causes this warning, please upgrade to the latest version and report an issue if the warning persists. To disable these warnings, set -Dmaven.project.sourceRoots.warningsDisabled=true on the command line, in the .mvn/maven.config file, or in project POM properties.
2025-11-25 12:50:30,925 [Worker-44: Building] WARN  o.apache.maven.project.MavenProject - Direct modification of compileSourceRoots through add() is deprecated and will not work in Maven 4.0.0. Please use the add/remove methods instead. If you're using a plugin that causes this warning, please upgrade to the latest version and report an issue if the warning persists. To disable these warnings, set -Dmaven.project.sourceRoots.warningsDisabled=true on the command line, in the .mvn/maven.config file, or in project POM properties.
2025-11-25 12:50:30,926 [Worker-44: Building] WARN  o.apache.maven.project.MavenProject - Direct modification of testCompileSourceRoots through clear() is deprecated and will not work in Maven 4.0.0. Please use the add/remove methods instead. If you're using a plugin that causes this warning, please upgrade to the latest version and report an issue if the warning persists. To disable these warnings, set -Dmaven.project.sourceRoots.warningsDisabled=true on the command line, in the .mvn/maven.config file, or in project POM properties.
2025-11-25 12:50:30,926 [Worker-44: Building] WARN  o.apache.maven.project.MavenProject - Direct modification of testCompileSourceRoots through add() is deprecated and will not work in Maven 4.0.0. Please use the add/remove methods instead. If you're using a plugin that causes this warning, please upgrade to the latest version and report an issue if the warning persists. To disable these warnings, set -Dmaven.project.sourceRoots.warningsDisabled=true on the command line, in the .mvn/maven.config file, or in project POM properties.
2025-11-25 12:50:39,284 [Worker-42: Building] INFO  o.e.m.c.i.embedder.EclipseLogger - Using 'UTF-8' encoding to copy filtered resources.
2025-11-25 12:50:39,284 [Worker-42: Building] INFO  o.e.m.c.i.embedder.EclipseLogger - skip non existing resourceDirectory C:\Users\hel21\Desktop\programacion\java\ejemploUnit\src\main\resources
2025-11-25 12:50:39,286 [Worker-42: Building] INFO  o.e.m.c.i.embedder.EclipseLogger - Using 'UTF-8' encoding to copy filtered resources.
2025-11-25 12:50:39,286 [Worker-42: Building] INFO  o.e.m.c.i.embedder.EclipseLogger - skip non existing resourceDirectory C:\Users\hel21\Desktop\programacion\java\ejemploUnit\src\test\resources
2025-11-25 12:50:39,286 [Worker-42: Building] WARN  o.apache.maven.project.MavenProject - Direct modification of compileSourceRoots through clear() is deprecated and will not work in Maven 4.0.0. Please use the add/remove methods instead. If you're using a plugin that causes this warning, please upgrade to the latest version and report an issue if the warning persists. To disable these warnings, set -Dmaven.project.sourceRoots.warningsDisabled=true on the command line, in the .mvn/maven.config file, or in project POM properties.
2025-11-25 12:50:39,287 [Worker-42: Building] WARN  o.apache.maven.project.MavenProject - Direct modification of compileSourceRoots through add() is deprecated and will not work in Maven 4.0.0. Please use the add/remove methods instead. If you're using a plugin that causes this warning, please upgrade to the latest version and report an issue if the warning persists. To disable these warnings, set -Dmaven.project.sourceRoots.warningsDisabled=true on the command line, in the .mvn/maven.config file, or in project POM properties.
2025-11-25 12:50:39,287 [Worker-42: Building] WARN  o.apache.maven.project.MavenProject - Direct modification of testCompileSourceRoots through clear() is deprecated and will not work in Maven 4.0.0. Please use the add/remove methods instead. If you're using a plugin that causes this warning, please upgrade to the latest version and report an issue if the warning persists. To disable these warnings, set -Dmaven.project.sourceRoots.warningsDisabled=true on the command line, in the .mvn/maven.config file, or in project POM properties.
2025-11-25 12:50:39,288 [Worker-42: Building] WARN  o.apache.maven.project.MavenProject - Direct modification of testCompileSourceRoots through add() is deprecated and will not work in Maven 4.0.0. Please use the add/remove methods instead. If you're using a plugin that causes this warning, please upgrade to the latest version and report an issue if the warning persists. To disable these warnings, set -Dmaven.project.sourceRoots.warningsDisabled=true on the command line, in the .mvn/maven.config file, or in project POM properties.
2025-11-25 12:51:23,809 [Worker-41: Building] INFO  o.e.m.c.i.embedder.EclipseLogger - Using 'UTF-8' encoding to copy filtered resources.
2025-11-25 12:51:23,809 [Worker-41: Building] INFO  o.e.m.c.i.embedder.EclipseLogger - skip non existing resourceDirectory C:\Users\hel21\Desktop\programacion\java\ejemploUnit\src\main\resources
2025-11-25 12:51:23,811 [Worker-41: Building] INFO  o.e.m.c.i.embedder.EclipseLogger - Using 'UTF-8' encoding to copy filtered resources.
2025-11-25 12:51:23,811 [Worker-41: Building] INFO  o.e.m.c.i.embedder.EclipseLogger - skip non existing resourceDirectory C:\Users\hel21\Desktop\programacion\java\ejemploUnit\src\test\resources
2025-11-25 12:51:23,811 [Worker-41: Building] WARN  o.apache.maven.project.MavenProject - Direct modification of compileSourceRoots through clear() is deprecated and will not work in Maven 4.0.0. Please use the add/remove methods instead. If you're using a plugin that causes this warning, please upgrade to the latest version and report an issue if the warning persists. To disable these warnings, set -Dmaven.project.sourceRoots.warningsDisabled=true on the command line, in the .mvn/maven.config file, or in project POM properties.
2025-11-25 12:51:23,812 [Worker-41: Building] WARN  o.apache.maven.project.MavenProject - Direct modification of compileSourceRoots through add() is deprecated and will not work in Maven 4.0.0. Please use the add/remove methods instead. If you're using a plugin that causes this warning, please upgrade to the latest version and report an issue if the warning persists. To disable these warnings, set -Dmaven.project.sourceRoots.warningsDisabled=true on the command line, in the .mvn/maven.config file, or in project POM properties.
2025-11-25 12:51:23,813 [Worker-41: Building] WARN  o.apache.maven.project.MavenProject - Direct modification of testCompileSourceRoots through clear() is deprecated and will not work in Maven 4.0.0. Please use the add/remove methods instead. If you're using a plugin that causes this warning, please upgrade to the latest version and report an issue if the warning persists. To disable these warnings, set -Dmaven.project.sourceRoots.warningsDisabled=true on the command line, in the .mvn/maven.config file, or in project POM properties.
2025-11-25 12:51:23,814 [Worker-41: Building] WARN  o.apache.maven.project.MavenProject - Direct modification of testCompileSourceRoots through add() is deprecated and will not work in Maven 4.0.0. Please use the add/remove methods instead. If you're using a plugin that causes this warning, please upgrade to the latest version and report an issue if the warning persists. To disable these warnings, set -Dmaven.project.sourceRoots.warningsDisabled=true on the command line, in the .mvn/maven.config file, or in project POM properties.
2025-11-25 12:51:28,377 [Worker-40: Building] INFO  o.e.m.c.i.embedder.EclipseLogger - Using 'UTF-8' encoding to copy filtered resources.
2025-11-25 12:51:28,377 [Worker-40: Building] INFO  o.e.m.c.i.embedder.EclipseLogger - skip non existing resourceDirectory C:\Users\hel21\Desktop\programacion\java\ejemploUnit\src\main\resources
2025-11-25 12:51:28,379 [Worker-40: Building] INFO  o.e.m.c.i.embedder.EclipseLogger - Using 'UTF-8' encoding to copy filtered resources.
2025-11-25 12:51:28,379 [Worker-40: Building] INFO  o.e.m.c.i.embedder.EclipseLogger - skip non existing resourceDirectory C:\Users\hel21\Desktop\programacion\java\ejemploUnit\src\test\resources
2025-11-25 12:51:28,379 [Worker-40: Building] WARN  o.apache.maven.project.MavenProject - Direct modification of compileSourceRoots through clear() is deprecated and will not work in Maven 4.0.0. Please use the add/remove methods instead. If you're using a plugin that causes this warning, please upgrade to the latest version and report an issue if the warning persists. To disable these warnings, set -Dmaven.project.sourceRoots.warningsDisabled=true on the command line, in the .mvn/maven.config file, or in project POM properties.
2025-11-25 12:51:28,380 [Worker-40: Building] WARN  o.apache.maven.project.MavenProject - Direct modification of compileSourceRoots through add() is deprecated and will not work in Maven 4.0.0. Please use the add/remove methods instead. If you're using a plugin that causes this warning, please upgrade to the latest version and report an issue if the warning persists. To disable these warnings, set -Dmaven.project.sourceRoots.warningsDisabled=true on the command line, in the .mvn/maven.config file, or in project POM properties.
2025-11-25 12:51:28,381 [Worker-40: Building] WARN  o.apache.maven.project.MavenProject - Direct modification of testCompileSourceRoots through clear() is deprecated and will not work in Maven 4.0.0. Please use the add/remove methods instead. If you're using a plugin that causes this warning, please upgrade to the latest version and report an issue if the warning persists. To disable these warnings, set -Dmaven.project.sourceRoots.warningsDisabled=true on the command line, in the .mvn/maven.config file, or in project POM properties.
2025-11-25 12:51:28,382 [Worker-40: Building] WARN  o.apache.maven.project.MavenProject - Direct modification of testCompileSourceRoots through add() is deprecated and will not work in Maven 4.0.0. Please use the add/remove methods instead. If you're using a plugin that causes this warning, please upgrade to the latest version and report an issue if the warning persists. To disable these warnings, set -Dmaven.project.sourceRoots.warningsDisabled=true on the command line, in the .mvn/maven.config file, or in project POM properties.
2025-11-25 12:51:58,733 [main] INFO  o.e.m.jdt.internal.UnitTestSupport - Updating AppTest (1) from maven configuration
2025-11-25 12:52:57,108 [Worker-40: Building] INFO  o.e.m.c.i.embedder.EclipseLogger - Using 'UTF-8' encoding to copy filtered resources.
2025-11-25 12:52:57,108 [Worker-40: Building] INFO  o.e.m.c.i.embedder.EclipseLogger - skip non existing resourceDirectory C:\Users\hel21\Desktop\programacion\java\ejemploUnit\src\main\resources
2025-11-25 12:52:57,110 [Worker-40: Building] INFO  o.e.m.c.i.embedder.EclipseLogger - Using 'UTF-8' encoding to copy filtered resources.
2025-11-25 12:52:57,110 [Worker-40: Building] INFO  o.e.m.c.i.embedder.EclipseLogger - skip non existing resourceDirectory C:\Users\hel21\Desktop\programacion\java\ejemploUnit\src\test\resources
2025-11-25 12:52:57,110 [Worker-40: Building] WARN  o.apache.maven.project.MavenProject - Direct modification of compileSourceRoots through clear() is deprecated and will not work in Maven 4.0.0. Please use the add/remove methods instead. If you're using a plugin that causes this warning, please upgrade to the latest version and report an issue if the warning persists. To disable these warnings, set -Dmaven.project.sourceRoots.warningsDisabled=true on the command line, in the .mvn/maven.config file, or in project POM properties.
2025-11-25 12:52:57,111 [Worker-40: Building] WARN  o.apache.maven.project.MavenProject - Direct modification of compileSourceRoots through add() is deprecated and will not work in Maven 4.0.0. Please use the add/remove methods instead. If you're using a plugin that causes this warning, please upgrade to the latest version and report an issue if the warning persists. To disable these warnings, set -Dmaven.project.sourceRoots.warningsDisabled=true on the command line, in the .mvn/maven.config file, or in project POM properties.
2025-11-25 12:52:57,112 [Worker-40: Building] WARN  o.apache.maven.project.MavenProject - Direct modification of testCompileSourceRoots through clear() is deprecated and will not work in Maven 4.0.0. Please use the add/remove methods instead. If you're using a plugin that causes this warning, please upgrade to the latest version and report an issue if the warning persists. To disable these warnings, set -Dmaven.project.sourceRoots.warningsDisabled=true on the command line, in the .mvn/maven.config file, or in project POM properties.
2025-11-25 12:52:57,112 [Worker-40: Building] WARN  o.apache.maven.project.MavenProject - Direct modification of testCompileSourceRoots through add() is deprecated and will not work in Maven 4.0.0. Please use the add/remove methods instead. If you're using a plugin that causes this warning, please upgrade to the latest version and report an issue if the warning persists. To disable these warnings, set -Dmaven.project.sourceRoots.warningsDisabled=true on the command line, in the .mvn/maven.config file, or in project POM properties.
2025-11-25 12:53:08,287 [Worker-43: Building] INFO  o.e.m.c.i.embedder.EclipseLogger - Using 'UTF-8' encoding to copy filtered resources.
2025-11-25 12:53:08,287 [Worker-43: Building] INFO  o.e.m.c.i.embedder.EclipseLogger - skip non existing resourceDirectory C:\Users\hel21\Desktop\programacion\java\ejemploUnit\src\main\resources
2025-11-25 12:53:08,289 [Worker-43: Building] INFO  o.e.m.c.i.embedder.EclipseLogger - Using 'UTF-8' encoding to copy filtered resources.
2025-11-25 12:53:08,289 [Worker-43: Building] INFO  o.e.m.c.i.embedder.EclipseLogger - skip non existing resourceDirectory C:\Users\hel21\Desktop\programacion\java\ejemploUnit\src\test\resources
2025-11-25 12:53:08,289 [Worker-43: Building] WARN  o.apache.maven.project.MavenProject - Direct modification of compileSourceRoots through clear() is deprecated and will not work in Maven 4.0.0. Please use the add/remove methods instead. If you're using a plugin that causes this warning, please upgrade to the latest version and report an issue if the warning persists. To disable these warnings, set -Dmaven.project.sourceRoots.warningsDisabled=true on the command line, in the .mvn/maven.config file, or in project POM properties.
2025-11-25 12:53:08,290 [Worker-43: Building] WARN  o.apache.maven.project.MavenProject - Direct modification of compileSourceRoots through add() is deprecated and will not work in Maven 4.0.0. Please use the add/remove methods instead. If you're using a plugin that causes this warning, please upgrade to the latest version and report an issue if the warning persists. To disable these warnings, set -Dmaven.project.sourceRoots.warningsDisabled=true on the command line, in the .mvn/maven.config file, or in project POM properties.
2025-11-25 12:53:08,290 [Worker-43: Building] WARN  o.apache.maven.project.MavenProject - Direct modification of testCompileSourceRoots through clear() is deprecated and will not work in Maven 4.0.0. Please use the add/remove methods instead. If you're using a plugin that causes this warning, please upgrade to the latest version and report an issue if the warning persists. To disable these warnings, set -Dmaven.project.sourceRoots.warningsDisabled=true on the command line, in the .mvn/maven.config file, or in project POM properties.
2025-11-25 12:53:08,291 [Worker-43: Building] WARN  o.apache.maven.project.MavenProject - Direct modification of testCompileSourceRoots through add() is deprecated and will not work in Maven 4.0.0. Please use the add/remove methods instead. If you're using a plugin that causes this warning, please upgrade to the latest version and report an issue if the warning persists. To disable these warnings, set -Dmaven.project.sourceRoots.warningsDisabled=true on the command line, in the .mvn/maven.config file, or in project POM properties.
2025-11-25 12:54:29,534 [Worker-49: Building] INFO  o.e.m.c.i.embedder.EclipseLogger - Using 'UTF-8' encoding to copy filtered resources.
2025-11-25 12:54:29,534 [Worker-49: Building] INFO  o.e.m.c.i.embedder.EclipseLogger - skip non existing resourceDirectory C:\Users\hel21\Desktop\programacion\java\ejemploUnit\src\main\resources
2025-11-25 12:54:29,536 [Worker-49: Building] INFO  o.e.m.c.i.embedder.EclipseLogger - Using 'UTF-8' encoding to copy filtered resources.
2025-11-25 12:54:29,536 [Worker-49: Building] INFO  o.e.m.c.i.embedder.EclipseLogger - skip non existing resourceDirectory C:\Users\hel21\Desktop\programacion\java\ejemploUnit\src\test\resources
2025-11-25 12:54:29,536 [Worker-49: Building] WARN  o.apache.maven.project.MavenProject - Direct modification of compileSourceRoots through clear() is deprecated and will not work in Maven 4.0.0. Please use the add/remove methods instead. If you're using a plugin that causes this warning, please upgrade to the latest version and report an issue if the warning persists. To disable these warnings, set -Dmaven.project.sourceRoots.warningsDisabled=true on the command line, in the .mvn/maven.config file, or in project POM properties.
2025-11-25 12:54:29,537 [Worker-49: Building] WARN  o.apache.maven.project.MavenProject - Direct modification of compileSourceRoots through add() is deprecated and will not work in Maven 4.0.0. Please use the add/remove methods instead. If you're using a plugin that causes this warning, please upgrade to the latest version and report an issue if the warning persists. To disable these warnings, set -Dmaven.project.sourceRoots.warningsDisabled=true on the command line, in the .mvn/maven.config file, or in project POM properties.
2025-11-25 12:54:29,537 [Worker-49: Building] WARN  o.apache.maven.project.MavenProject - Direct modification of testCompileSourceRoots through clear() is deprecated and will not work in Maven 4.0.0. Please use the add/remove methods instead. If you're using a plugin that causes this warning, please upgrade to the latest version and report an issue if the warning persists. To disable these warnings, set -Dmaven.project.sourceRoots.warningsDisabled=true on the command line, in the .mvn/maven.config file, or in project POM properties.
2025-11-25 12:54:29,538 [Worker-49: Building] WARN  o.apache.maven.project.MavenProject - Direct modification of testCompileSourceRoots through add() is deprecated and will not work in Maven 4.0.0. Please use the add/remove methods instead. If you're using a plugin that causes this warning, please upgrade to the latest version and report an issue if the warning persists. To disable these warnings, set -Dmaven.project.sourceRoots.warningsDisabled=true on the command line, in the .mvn/maven.config file, or in project POM properties.
2025-11-25 12:54:55,677 [Worker-43: Launching AppTest (1)] INFO  o.e.m.c.i.embedder.EclipseLogger - Using 'UTF-8' encoding to copy filtered resources.
2025-11-25 12:54:55,677 [Worker-43: Launching AppTest (1)] INFO  o.e.m.c.i.embedder.EclipseLogger - skip non existing resourceDirectory C:\Users\hel21\Desktop\programacion\java\ejemploUnit\src\main\resources
2025-11-25 12:54:55,679 [Worker-43: Launching AppTest (1)] INFO  o.e.m.c.i.embedder.EclipseLogger - Using 'UTF-8' encoding to copy filtered resources.
2025-11-25 12:54:55,679 [Worker-43: Launching AppTest (1)] INFO  o.e.m.c.i.embedder.EclipseLogger - skip non existing resourceDirectory C:\Users\hel21\Desktop\programacion\java\ejemploUnit\src\test\resources
2025-11-25 12:54:55,679 [Worker-43: Launching AppTest (1)] WARN  o.apache.maven.project.MavenProject - Direct modification of compileSourceRoots through clear() is deprecated and will not work in Maven 4.0.0. Please use the add/remove methods instead. If you're using a plugin that causes this warning, please upgrade to the latest version and report an issue if the warning persists. To disable these warnings, set -Dmaven.project.sourceRoots.warningsDisabled=true on the command line, in the .mvn/maven.config file, or in project POM properties.
2025-11-25 12:54:55,680 [Worker-43: Launching AppTest (1)] WARN  o.apache.maven.project.MavenProject - Direct modification of compileSourceRoots through add() is deprecated and will not work in Maven 4.0.0. Please use the add/remove methods instead. If you're using a plugin that causes this warning, please upgrade to the latest version and report an issue if the warning persists. To disable these warnings, set -Dmaven.project.sourceRoots.warningsDisabled=true on the command line, in the .mvn/maven.config file, or in project POM properties.
2025-11-25 12:54:55,680 [Worker-43: Launching AppTest (1)] WARN  o.apache.maven.project.MavenProject - Direct modification of testCompileSourceRoots through clear() is deprecated and will not work in Maven 4.0.0. Please use the add/remove methods instead. If you're using a plugin that causes this warning, please upgrade to the latest version and report an issue if the warning persists. To disable these warnings, set -Dmaven.project.sourceRoots.warningsDisabled=true on the command line, in the .mvn/maven.config file, or in project POM properties.
2025-11-25 12:54:55,681 [Worker-43: Launching AppTest (1)] WARN  o.apache.maven.project.MavenProject - Direct modification of testCompileSourceRoots through add() is deprecated and will not work in Maven 4.0.0. Please use the add/remove methods instead. If you're using a plugin that causes this warning, please upgrade to the latest version and report an issue if the warning persists. To disable these warnings, set -Dmaven.project.sourceRoots.warningsDisabled=true on the command line, in the .mvn/maven.config file, or in project POM properties.
2025-11-25 12:56:31,097 [Worker-43: Building] INFO  o.e.m.c.i.embedder.EclipseLogger - Using 'UTF-8' encoding to copy filtered resources.
2025-11-25 12:56:31,097 [Worker-43: Building] INFO  o.e.m.c.i.embedder.EclipseLogger - skip non existing resourceDirectory C:\Users\hel21\Desktop\programacion\java\ejemploUnit\src\main\resources
2025-11-25 12:56:31,099 [Worker-43: Building] INFO  o.e.m.c.i.embedder.EclipseLogger - Using 'UTF-8' encoding to copy filtered resources.
2025-11-25 12:56:31,100 [Worker-43: Building] INFO  o.e.m.c.i.embedder.EclipseLogger - skip non existing resourceDirectory C:\Users\hel21\Desktop\programacion\java\ejemploUnit\src\test\resources
2025-11-25 12:56:31,100 [Worker-43: Building] WARN  o.apache.maven.project.MavenProject - Direct modification of compileSourceRoots through clear() is deprecated and will not work in Maven 4.0.0. Please use the add/remove methods instead. If you're using a plugin that causes this warning, please upgrade to the latest version and report an issue if the warning persists. To disable these warnings, set -Dmaven.project.sourceRoots.warningsDisabled=true on the command line, in the .mvn/maven.config file, or in project POM properties.
2025-11-25 12:56:31,100 [Worker-43: Building] WARN  o.apache.maven.project.MavenProject - Direct modification of compileSourceRoots through add() is deprecated and will not work in Maven 4.0.0. Please use the add/remove methods instead. If you're using a plugin that causes this warning, please upgrade to the latest version and report an issue if the warning persists. To disable these warnings, set -Dmaven.project.sourceRoots.warningsDisabled=true on the command line, in the .mvn/maven.config file, or in project POM properties.
2025-11-25 12:56:31,101 [Worker-43: Building] WARN  o.apache.maven.project.MavenProject - Direct modification of testCompileSourceRoots through clear() is deprecated and will not work in Maven 4.0.0. Please use the add/remove methods instead. If you're using a plugin that causes this warning, please upgrade to the latest version and report an issue if the warning persists. To disable these warnings, set -Dmaven.project.sourceRoots.warningsDisabled=true on the command line, in the .mvn/maven.config file, or in project POM properties.
2025-11-25 12:56:31,102 [Worker-43: Building] WARN  o.apache.maven.project.MavenProject - Direct modification of testCompileSourceRoots through add() is deprecated and will not work in Maven 4.0.0. Please use the add/remove methods instead. If you're using a plugin that causes this warning, please upgrade to the latest version and report an issue if the warning persists. To disable these warnings, set -Dmaven.project.sourceRoots.warningsDisabled=true on the command line, in the .mvn/maven.config file, or in project POM properties.
2025-11-25 12:56:48,171 [Worker-40: Building] INFO  o.e.m.c.i.embedder.EclipseLogger - Using 'UTF-8' encoding to copy filtered resources.
2025-11-25 12:56:48,171 [Worker-40: Building] INFO  o.e.m.c.i.embedder.EclipseLogger - skip non existing resourceDirectory C:\Users\hel21\Desktop\programacion\java\ejemploUnit\src\main\resources
2025-11-25 12:56:48,173 [Worker-40: Building] INFO  o.e.m.c.i.embedder.EclipseLogger - Using 'UTF-8' encoding to copy filtered resources.
2025-11-25 12:56:48,173 [Worker-40: Building] INFO  o.e.m.c.i.embedder.EclipseLogger - skip non existing resourceDirectory C:\Users\hel21\Desktop\programacion\java\ejemploUnit\src\test\resources
2025-11-25 12:56:48,175 [Worker-40: Building] WARN  o.apache.maven.project.MavenProject - Direct modification of compileSourceRoots through clear() is deprecated and will not work in Maven 4.0.0. Please use the add/remove methods instead. If you're using a plugin that causes this warning, please upgrade to the latest version and report an issue if the warning persists. To disable these warnings, set -Dmaven.project.sourceRoots.warningsDisabled=true on the command line, in the .mvn/maven.config file, or in project POM properties.
2025-11-25 12:56:48,175 [Worker-40: Building] WARN  o.apache.maven.project.MavenProject - Direct modification of compileSourceRoots through add() is deprecated and will not work in Maven 4.0.0. Please use the add/remove methods instead. If you're using a plugin that causes this warning, please upgrade to the latest version and report an issue if the warning persists. To disable these warnings, set -Dmaven.project.sourceRoots.warningsDisabled=true on the command line, in the .mvn/maven.config file, or in project POM properties.
2025-11-25 12:56:48,177 [Worker-40: Building] WARN  o.apache.maven.project.MavenProject - Direct modification of testCompileSourceRoots through clear() is deprecated and will not work in Maven 4.0.0. Please use the add/remove methods instead. If you're using a plugin that causes this warning, please upgrade to the latest version and report an issue if the warning persists. To disable these warnings, set -Dmaven.project.sourceRoots.warningsDisabled=true on the command line, in the .mvn/maven.config file, or in project POM properties.
2025-11-25 12:56:48,177 [Worker-40: Building] WARN  o.apache.maven.project.MavenProject - Direct modification of testCompileSourceRoots through add() is deprecated and will not work in Maven 4.0.0. Please use the add/remove methods instead. If you're using a plugin that causes this warning, please upgrade to the latest version and report an issue if the warning persists. To disable these warnings, set -Dmaven.project.sourceRoots.warningsDisabled=true on the command line, in the .mvn/maven.config file, or in project POM properties.
2025-11-25 12:57:32,216 [Worker-41: Building] INFO  o.e.m.c.i.embedder.EclipseLogger - Using 'UTF-8' encoding to copy filtered resources.
2025-11-25 12:57:32,217 [Worker-41: Building] INFO  o.e.m.c.i.embedder.EclipseLogger - skip non existing resourceDirectory C:\Users\hel21\Desktop\programacion\java\ejemploUnit\src\main\resources
2025-11-25 12:57:32,218 [Worker-41: Building] INFO  o.e.m.c.i.embedder.EclipseLogger - Using 'UTF-8' encoding to copy filtered resources.
2025-11-25 12:57:32,218 [Worker-41: Building] INFO  o.e.m.c.i.embedder.EclipseLogger - skip non existing resourceDirectory C:\Users\hel21\Desktop\programacion\java\ejemploUnit\src\test\resources
2025-11-25 12:57:32,219 [Worker-41: Building] WARN  o.apache.maven.project.MavenProject - Direct modification of compileSourceRoots through clear() is deprecated and will not work in Maven 4.0.0. Please use the add/remove methods instead. If you're using a plugin that causes this warning, please upgrade to the latest version and report an issue if the warning persists. To disable these warnings, set -Dmaven.project.sourceRoots.warningsDisabled=true on the command line, in the .mvn/maven.config file, or in project POM properties.
2025-11-25 12:57:32,219 [Worker-41: Building] WARN  o.apache.maven.project.MavenProject - Direct modification of compileSourceRoots through add() is deprecated and will not work in Maven 4.0.0. Please use the add/remove methods instead. If you're using a plugin that causes this warning, please upgrade to the latest version and report an issue if the warning persists. To disable these warnings, set -Dmaven.project.sourceRoots.warningsDisabled=true on the command line, in the .mvn/maven.config file, or in project POM properties.
2025-11-25 12:57:32,220 [Worker-41: Building] WARN  o.apache.maven.project.MavenProject - Direct modification of testCompileSourceRoots through clear() is deprecated and will not work in Maven 4.0.0. Please use the add/remove methods instead. If you're using a plugin that causes this warning, please upgrade to the latest version and report an issue if the warning persists. To disable these warnings, set -Dmaven.project.sourceRoots.warningsDisabled=true on the command line, in the .mvn/maven.config file, or in project POM properties.
2025-11-25 12:57:32,220 [Worker-41: Building] WARN  o.apache.maven.project.MavenProject - Direct modification of testCompileSourceRoots through add() is deprecated and will not work in Maven 4.0.0. Please use the add/remove methods instead. If you're using a plugin that causes this warning, please upgrade to the latest version and report an issue if the warning persists. To disable these warnings, set -Dmaven.project.sourceRoots.warningsDisabled=true on the command line, in the .mvn/maven.config file, or in project POM properties.
2025-11-25 12:58:41,878 [Worker-45: Building] INFO  o.e.m.c.i.embedder.EclipseLogger - Using 'UTF-8' encoding to copy filtered resources.
2025-11-25 12:58:41,879 [Worker-45: Building] INFO  o.e.m.c.i.embedder.EclipseLogger - skip non existing resourceDirectory C:\Users\hel21\Desktop\programacion\java\ejemploUnit\src\main\resources
2025-11-25 12:58:41,880 [Worker-45: Building] INFO  o.e.m.c.i.embedder.EclipseLogger - Using 'UTF-8' encoding to copy filtered resources.
2025-11-25 12:58:41,880 [Worker-45: Building] INFO  o.e.m.c.i.embedder.EclipseLogger - skip non existing resourceDirectory C:\Users\hel21\Desktop\programacion\java\ejemploUnit\src\test\resources
2025-11-25 12:58:41,881 [Worker-45: Building] WARN  o.apache.maven.project.MavenProject - Direct modification of compileSourceRoots through clear() is deprecated and will not work in Maven 4.0.0. Please use the add/remove methods instead. If you're using a plugin that causes this warning, please upgrade to the latest version and report an issue if the warning persists. To disable these warnings, set -Dmaven.project.sourceRoots.warningsDisabled=true on the command line, in the .mvn/maven.config file, or in project POM properties.
2025-11-25 12:58:41,882 [Worker-45: Building] WARN  o.apache.maven.project.MavenProject - Direct modification of compileSourceRoots through add() is deprecated and will not work in Maven 4.0.0. Please use the add/remove methods instead. If you're using a plugin that causes this warning, please upgrade to the latest version and report an issue if the warning persists. To disable these warnings, set -Dmaven.project.sourceRoots.warningsDisabled=true on the command line, in the .mvn/maven.config file, or in project POM properties.
2025-11-25 12:58:41,883 [Worker-45: Building] WARN  o.apache.maven.project.MavenProject - Direct modification of testCompileSourceRoots through clear() is deprecated and will not work in Maven 4.0.0. Please use the add/remove methods instead. If you're using a plugin that causes this warning, please upgrade to the latest version and report an issue if the warning persists. To disable these warnings, set -Dmaven.project.sourceRoots.warningsDisabled=true on the command line, in the .mvn/maven.config file, or in project POM properties.
2025-11-25 12:58:41,883 [Worker-45: Building] WARN  o.apache.maven.project.MavenProject - Direct modification of testCompileSourceRoots through add() is deprecated and will not work in Maven 4.0.0. Please use the add/remove methods instead. If you're using a plugin that causes this warning, please upgrade to the latest version and report an issue if the warning persists. To disable these warnings, set -Dmaven.project.sourceRoots.warningsDisabled=true on the command line, in the .mvn/maven.config file, or in project POM properties.
2025-11-25 12:59:57,053 [Worker-40: Building] INFO  o.e.m.c.i.embedder.EclipseLogger - Using 'UTF-8' encoding to copy filtered resources.
2025-11-25 12:59:57,053 [Worker-40: Building] INFO  o.e.m.c.i.embedder.EclipseLogger - skip non existing resourceDirectory C:\Users\hel21\Desktop\programacion\java\ejemploUnit\src\main\resources
2025-11-25 12:59:57,054 [Worker-40: Building] INFO  o.e.m.c.i.embedder.EclipseLogger - Using 'UTF-8' encoding to copy filtered resources.
2025-11-25 12:59:57,054 [Worker-40: Building] INFO  o.e.m.c.i.embedder.EclipseLogger - skip non existing resourceDirectory C:\Users\hel21\Desktop\programacion\java\ejemploUnit\src\test\resources
2025-11-25 12:59:57,055 [Worker-40: Building] WARN  o.apache.maven.project.MavenProject - Direct modification of compileSourceRoots through clear() is deprecated and will not work in Maven 4.0.0. Please use the add/remove methods instead. If you're using a plugin that causes this warning, please upgrade to the latest version and report an issue if the warning persists. To disable these warnings, set -Dmaven.project.sourceRoots.warningsDisabled=true on the command line, in the .mvn/maven.config file, or in project POM properties.
2025-11-25 12:59:57,055 [Worker-40: Building] WARN  o.apache.maven.project.MavenProject - Direct modification of compileSourceRoots through add() is deprecated and will not work in Maven 4.0.0. Please use the add/remove methods instead. If you're using a plugin that causes this warning, please upgrade to the latest version and report an issue if the warning persists. To disable these warnings, set -Dmaven.project.sourceRoots.warningsDisabled=true on the command line, in the .mvn/maven.config file, or in project POM properties.
2025-11-25 12:59:57,056 [Worker-40: Building] WARN  o.apache.maven.project.MavenProject - Direct modification of testCompileSourceRoots through clear() is deprecated and will not work in Maven 4.0.0. Please use the add/remove methods instead. If you're using a plugin that causes this warning, please upgrade to the latest version and report an issue if the warning persists. To disable these warnings, set -Dmaven.project.sourceRoots.warningsDisabled=true on the command line, in the .mvn/maven.config file, or in project POM properties.
2025-11-25 12:59:57,056 [Worker-40: Building] WARN  o.apache.maven.project.MavenProject - Direct modification of testCompileSourceRoots through add() is deprecated and will not work in Maven 4.0.0. Please use the add/remove methods instead. If you're using a plugin that causes this warning, please upgrade to the latest version and report an issue if the warning persists. To disable these warnings, set -Dmaven.project.sourceRoots.warningsDisabled=true on the command line, in the .mvn/maven.config file, or in project POM properties.
2025-11-25 13:00:12,273 [Worker-42: Building] INFO  o.e.m.c.i.embedder.EclipseLogger - Using 'UTF-8' encoding to copy filtered resources.
2025-11-25 13:00:12,273 [Worker-42: Building] INFO  o.e.m.c.i.embedder.EclipseLogger - skip non existing resourceDirectory C:\Users\hel21\Desktop\programacion\java\ejemploUnit\src\main\resources
2025-11-25 13:00:12,274 [Worker-42: Building] INFO  o.e.m.c.i.embedder.EclipseLogger - Using 'UTF-8' encoding to copy filtered resources.
2025-11-25 13:00:12,274 [Worker-42: Building] INFO  o.e.m.c.i.embedder.EclipseLogger - skip non existing resourceDirectory C:\Users\hel21\Desktop\programacion\java\ejemploUnit\src\test\resources
2025-11-25 13:00:12,274 [Worker-42: Building] WARN  o.apache.maven.project.MavenProject - Direct modification of compileSourceRoots through clear() is deprecated and will not work in Maven 4.0.0. Please use the add/remove methods instead. If you're using a plugin that causes this warning, please upgrade to the latest version and report an issue if the warning persists. To disable these warnings, set -Dmaven.project.sourceRoots.warningsDisabled=true on the command line, in the .mvn/maven.config file, or in project POM properties.
2025-11-25 13:00:12,275 [Worker-42: Building] WARN  o.apache.maven.project.MavenProject - Direct modification of compileSourceRoots through add() is deprecated and will not work in Maven 4.0.0. Please use the add/remove methods instead. If you're using a plugin that causes this warning, please upgrade to the latest version and report an issue if the warning persists. To disable these warnings, set -Dmaven.project.sourceRoots.warningsDisabled=true on the command line, in the .mvn/maven.config file, or in project POM properties.
2025-11-25 13:00:12,275 [Worker-42: Building] WARN  o.apache.maven.project.MavenProject - Direct modification of testCompileSourceRoots through clear() is deprecated and will not work in Maven 4.0.0. Please use the add/remove methods instead. If you're using a plugin that causes this warning, please upgrade to the latest version and report an issue if the warning persists. To disable these warnings, set -Dmaven.project.sourceRoots.warningsDisabled=true on the command line, in the .mvn/maven.config file, or in project POM properties.
2025-11-25 13:00:12,276 [Worker-42: Building] WARN  o.apache.maven.project.MavenProject - Direct modification of testCompileSourceRoots through add() is deprecated and will not work in Maven 4.0.0. Please use the add/remove methods instead. If you're using a plugin that causes this warning, please upgrade to the latest version and report an issue if the warning persists. To disable these warnings, set -Dmaven.project.sourceRoots.warningsDisabled=true on the command line, in the .mvn/maven.config file, or in project POM properties.
2025-11-25 13:00:27,180 [Worker-44: Building] INFO  o.e.m.c.i.embedder.EclipseLogger - Using 'UTF-8' encoding to copy filtered resources.
2025-11-25 13:00:27,180 [Worker-44: Building] INFO  o.e.m.c.i.embedder.EclipseLogger - skip non existing resourceDirectory C:\Users\hel21\Desktop\programacion\java\ejemploUnit\src\main\resources
2025-11-25 13:00:27,182 [Worker-44: Building] INFO  o.e.m.c.i.embedder.EclipseLogger - Using 'UTF-8' encoding to copy filtered resources.
2025-11-25 13:00:27,182 [Worker-44: Building] INFO  o.e.m.c.i.embedder.EclipseLogger - skip non existing resourceDirectory C:\Users\hel21\Desktop\programacion\java\ejemploUnit\src\test\resources
2025-11-25 13:00:27,182 [Worker-44: Building] WARN  o.apache.maven.project.MavenProject - Direct modification of compileSourceRoots through clear() is deprecated and will not work in Maven 4.0.0. Please use the add/remove methods instead. If you're using a plugin that causes this warning, please upgrade to the latest version and report an issue if the warning persists. To disable these warnings, set -Dmaven.project.sourceRoots.warningsDisabled=true on the command line, in the .mvn/maven.config file, or in project POM properties.
2025-11-25 13:00:27,183 [Worker-44: Building] WARN  o.apache.maven.project.MavenProject - Direct modification of compileSourceRoots through add() is deprecated and will not work in Maven 4.0.0. Please use the add/remove methods instead. If you're using a plugin that causes this warning, please upgrade to the latest version and report an issue if the warning persists. To disable these warnings, set -Dmaven.project.sourceRoots.warningsDisabled=true on the command line, in the .mvn/maven.config file, or in project POM properties.
2025-11-25 13:00:27,183 [Worker-44: Building] WARN  o.apache.maven.project.MavenProject - Direct modification of testCompileSourceRoots through clear() is deprecated and will not work in Maven 4.0.0. Please use the add/remove methods instead. If you're using a plugin that causes this warning, please upgrade to the latest version and report an issue if the warning persists. To disable these warnings, set -Dmaven.project.sourceRoots.warningsDisabled=true on the command line, in the .mvn/maven.config file, or in project POM properties.
2025-11-25 13:00:27,184 [Worker-44: Building] WARN  o.apache.maven.project.MavenProject - Direct modification of testCompileSourceRoots through add() is deprecated and will not work in Maven 4.0.0. Please use the add/remove methods instead. If you're using a plugin that causes this warning, please upgrade to the latest version and report an issue if the warning persists. To disable these warnings, set -Dmaven.project.sourceRoots.warningsDisabled=true on the command line, in the .mvn/maven.config file, or in project POM properties.
